200 150
7717 8276 7435 8178 7989 8528 8368 8085 6908 6647 7742 8283 7757 8229 8024 8335 9243 7797 6618 8129 8307 8496 7439 6416 8630 7363 8149 7218 7824 7466 8716 7920 8100 8547 8359 8775 8481 8376 8178 8638 7846 8150 7972 7079 7603 8889 8119 8146 8425 6854 6996 8039 8226 8050 8838 6907 7784 7711 7607 8014 7605 7887 7816 8561 7985 8205 7682 8830 9244 8437 7017 9238 7748 8792 8534 8477 8754 8320 8572 8078 8365 7939 7757 7510 8040 9134 8141 7161 7463 8331 6761 8398 7805 8955 8666 8239 7785 8378 9295 7985 7803 9241 8556 8787 7323 8375 7712 8891 8294 7350 8606 8972 0 0 0 0 0 0 0 0 0 0 0 0 0 0 0 0 0 0 0 0 0 0 0 0 0 0 0 0 0 0 0 0 0 0 0 0 0 0 
7840 8188 7491 7575 8058 7735 7816 6982 6550 6732 7178 7334 7935 8100 7697 6793 8535 6625 6865 7972 7868 7597 6946 6865 7967 7160 7150 7890 7435 7081 8012 7421 7406 7588 7982 7374 7254 7241 7659 7507 6791 7520 7365 7327 7607 8061 8115 7914 8293 6658 6732 7627 7970 8058 8882 6717 8034 7718 7356 7227 7022 8016 8250 7716 6689 7555 7443 8483 8091 6813 6672 8364 6786 7953 7914 7807 8329 7635 8626 7811 8197 8221 6810 7674 6997 7777 7294 7900 6982 7457 6576 8063 7500 7964 8470 7787 8198 7581 8891 7095 7902 7812 8101 8630 7167 7708 7665 8449 8056 7513 8358 7348 0 0 0 0 0 0 0 0 0 0 0 0 0 0 0 0 0 0 0 0 0 0 0 0 0 0 0 0 0 0 0 0 0 0 0 0 0 0 
10303 10798 9382 9948 10976 10410 10397 9796 9002 8906 9736 9745 10038 11402 10069 9758 11542 9079 9110 9945 9550 10187 9184 8368 10096 9145 9384 9767 9883 9637 10140 10056 9447 9743 10217 10484 9719 9693 9398 10032 9177 10210 9094 9643 9587 11011 9869 9761 10354 8805 8700 10037 10271 10437 11193 8643 9164 9854 9661 9575 9148 10475 10078 10218 9774 9878 8963 10468 9992 10171 10039 11406 9702 10386 9993 10528 10459 10017 10783 10269 10560 9221 9521 9033 10755 10502 9058 10172 9946 10235 8694 10583 10203 10564 10541 9984 9901 10027 10510 9362 9081 10945 10650 9967 8555 9819 9920 10635 9796 9371 10357 9944 0 0 0 0 0 0 0 0 0 0 0 0 0 0 0 0 0 0 0 0 0 0 0 0 0 0 0 0 0 0 0 0 0 0 0 0 0 0 
8501 9760 8947 8762 10267 9243 10017 9327 8704 8179 8582 9302 8855 9570 10206 9029 10551 8519 7714 9241 9506 9530 7948 7958 9720 8454 8943 9016 8410 8986 8959 8462 9328 10133 9689 9742 9469 9177 8893 9834 9157 9853 8717 9053 9234 10323 9151 9469 9528 8216 7266 9461 9161 9398 10306 8781 9454 9187 8744 8805 8574 9012 9553 9775 8367 8483 9428 9796 9698 9232 8976 10418 8130 10167 9716 9555 9971 10064 10081 9220 10844 9568 9312 8276 9781 9744 9735 8799 8488 9273 7886 9280 9253 9824 10432 9902 10073 8706 10221 9571 9037 9756 10271 9843 8671 8681 9169 10811 9691 8863 9245 9598 0 0 0 0 0 0 0 0 0 0 0 0 0 0 0 0 0 0 0 0 0 0 0 0 0 0 0 0 0 0 0 0 0 0 0 0 0 0 
9159 9173 8297 8363 9551 9244 9435 9095 8039 8552 9106 8670 9069 9929 9440 8462 10397 8056 8142 9346 9227 9037 8998 8334 8907 8796 8480 9148 8953 8760 9141 8159 9434 9800 8879 9266 8682 8544 9034 9030 8501 9742 9071 8840 8276 9680 9221 9313 9896 8142 7976 9393 9434 9968 9975 8309 9117 8959 8404 8944 8764 8983 9823 8774 8456 8146 8938 9539 8948 8866 8407 10685 8178 9078 9368 9128 10430 9241 10044 8817 10337 9197 8628 8005 9106 9285 8656 8963 8377 9295 7794 9206 8956 9445 9752 9492 9631 8394 9886 8694 8490 9816 9779 8844 8540 9310 9069 10270 9199 8953 8890 9255 0 0 0 0 0 0 0 0 0 0 0 0 0 0 0 0 0 0 0 0 0 0 0 0 0 0 0 0 0 0 0 0 0 0 0 0 0 0 
9407 9208 8604 8704 8736 8803 8781 8859 7617 7968 9191 8523 9050 8996 9099 8385 9524 7743 7292 8997 8718 9296 8354 7613 8538 8383 8239 8146 7909 8945 8257 8334 8650 8829 8612 8834 8590 8477 9290 8648 8322 9141 8916 8628 8449 9758 8650 9485 8918 8047 7651 8368 8992 9007 10350 7920 8455 8416 8606 8420 8560 8827 9528 8936 8459 8380 9100 9784 8037 8798 8248 9861 7986 9478 9305 8113 9433 9147 8978 8422 9163 8479 8592 8084 9478 9042 9134 8332 8205 9085 7394 9235 8200 9031 9372 8835 9185 9177 9598 8702 8280 8978 9248 9173 8302 8784 8178 9898 8850 8287 9107 8652 0 0 0 0 0 0 0 0 0 0 0 0 0 0 0 0 0 0 0 0 0 0 0 0 0 0 0 0 0 0 0 0 0 0 0 0 0 0 
10158 9980 9385 9842 10001 10138 9724 9405 8583 8002 9673 9816 9118 9799 9142 8953 11061 8914 8654 10236 9794 10214 8100 8624 9871 8523 9591 9085 8938 9111 9697 8733 8915 10415 9313 9657 9579 9925 9532 10338 9506 9651 8727 8936 9218 10495 9236 9380 9676 8211 8581 10209 9816 10084 10737 9421 8749 8832 8530 9232 8674 10288 10049 9657 9135 9317 9612 10208 9716 9365 8808 10876 8417 9467 9450 9945 10724 9437 9969 10236 10542 9150 8788 9127 9326 10144 9542 9341 8836 9869 8024 9728 9618 9976 10583 9994 9775 9858 10494 9036 9439 10027 10358 10081 9188 9373 9403 10156 9951 8852 9625 9822 0 0 0 0 0 0 0 0 0 0 0 0 0 0 0 0 0 0 0 0 0 0 0 0 0 0 0 0 0 0 0 0 0 0 0 0 0 0 
8760 9056 8501 9031 8771 9303 8729 9237 7723 8187 8702 8948 9173 9276 9070 8531 10054 7911 8446 8473 8904 9356 7949 7852 9063 8170 8518 8471 8359 8736 8688 8224 8484 9843 9017 8720 8917 8446 8998 9558 8739 8408 7809 8598 7903 9070 8773 9938 8817 8014 7633 8705 8900 9234 9683 8529 8279 8894 8167 7716 8071 8304 9123 8682 8365 8416 8767 9917 8832 8589 8654 10164 7610 9601 9022 9724 9720 9632 9005 9190 9823 8584 8872 8319 9285 9611 8747 8505 7765 8778 7497 9612 8561 9526 10117 9163 8889 8488 9358 8741 8618 9652 9950 9404 7991 8794 8734 8953 8929 8669 8612 9379 0 0 0 0 0 0 0 0 0 0 0 0 0 0 0 0 0 0 0 0 0 0 0 0 0 0 0 0 0 0 0 0 0 0 0 0 0 0 
9551 9998 9000 9500 9455 9534 9269 9382 8724 8482 9204 9512 9106 9793 9748 9369 10871 8024 8172 9249 9110 10182 8558 8905 9316 8782 9384 9065 8736 9567 9206 8707 9081 10070 9632 9167 9342 8890 9218 9682 9024 8484 8631 9077 8959 10105 9597 9913 9284 8567 8164 9272 10293 9082 10801 8780 8786 9014 8944 8778 8335 8656 10315 9346 8390 9142 9207 10125 9617 8963 8722 11178 9051 9753 10065 9679 10066 9251 9988 9180 10247 9592 9467 8987 9602 9803 9593 9609 8756 9052 7758 9815 9834 10001 10281 9423 9242 8911 10441 9087 9184 10300 9912 10327 8301 8547 9310 10486 10104 8579 10236 9156 0 0 0 0 0 0 0 0 0 0 0 0 0 0 0 0 0 0 0 0 0 0 0 0 0 0 0 0 0 0 0 0 0 0 0 0 0 0 
8026 7850 7814 7099 7716 7291 7941 7972 7229 6451 7379 7586 7691 7787 7609 7735 8768 6368 7149 8021 7340 8182 6837 6749 7760 6614 7561 7417 8231 7131 8221 8071 7871 7700 7922 8048 7611 7349 8061 7603 7161 7911 6815 7431 7486 8805 7964 7802 7525 7316 7151 7620 8188 7792 8700 6650 7074 7029 6940 7444 7230 8025 7572 7633 7371 7365 7065 8077 7340 8141 7509 9025 7533 8134 7483 7959 8544 7793 8382 7619 8257 7430 7354 6666 7739 8239 7484 7934 6907 7611 6381 7791 7877 7751 7815 7609 7890 7425 8417 7327 7302 8067 8249 8209 6501 7131 7766 8642 7718 7006 8274 7604 0 0 0 0 0 0 0 0 0 0 0 0 0 0 0 0 0 0 0 0 0 0 0 0 0 0 0 0 0 0 0 0 0 0 0 0 0 0 
10435 10286 9789 9744 9957 10174 10012 9602 9393 8599 9833 9896 10523 10064 10288 9586 11717 9155 8642 9143 10408 10599 8816 8581 10468 9461 9514 9716 9314 8931 9135 8620 9738 10197 10417 10076 9839 9609 9901 10143 9520 9862 9042 9443 8679 10614 9661 10177 10502 8539 8538 9805 10016 9977 10797 9077 9323 9848 9337 8864 8503 9532 10111 9663 9231 8846 9739 10577 9938 9343 9454 10781 8696 10191 10606 10255 10254 10241 10944 9174 10407 9192 9021 9508 10271 10258 9866 9676 9623 10162 8558 9665 9734 10136 10468 10561 9507 9984 10757 9105 9556 10821 9802 10342 9356 9601 9859 10469 9963 9085 9679 9936 0 0 0 0 0 0 0 0 0 0 0 0 0 0 0 0 0 0 0 0 0 0 0 0 0 0 0 0 0 0 0 0 0 0 0 0 0 0 
8311 8774 8360 8132 8097 8563 8495 8308 7515 7895 8543 8601 8982 8511 8818 8673 9634 7260 6948 8905 8403 8618 7518 7966 8359 7580 8287 8503 8580 7890 8326 7870 8096 8619 8663 9085 8766 7993 8217 8728 8139 7924 7016 7348 7503 8997 8154 8936 8189 7451 7427 8185 8483 8284 9090 7917 7528 8012 8352 7862 7630 8092 7963 7694 7953 8367 7854 9277 7812 8122 8060 9452 8057 8579 8402 8507 8914 8498 9162 8381 8530 7877 8302 8023 9012 9043 7540 7792 8101 7986 7100 9201 8291 9165 8574 8177 8018 8205 9245 7917 7832 9005 8633 8881 7583 7699 8444 9179 8724 7507 8511 8714 0 0 0 0 0 0 0 0 0 0 0 0 0 0 0 0 0 0 0 0 0 0 0 0 0 0 0 0 0 0 0 0 0 0 0 0 0 0 
10066 10218 9661 9992 9941 10413 10274 10171 8425 8969 9519 9660 10778 9748 10274 9797 11118 9247 8986 10428 9891 10180 9674 8596 10189 9359 9567 9452 10023 8976 10087 9866 9498 9977 9825 10050 10042 9818 10348 9889 9204 10350 9613 8901 9321 10533 10151 10159 9945 8929 8937 9641 10060 10224 11088 8465 9452 9384 9589 9477 9125 10343 10351 10312 9403 9459 10106 10649 10492 9519 9127 10613 9122 10339 10359 9887 10723 9950 10430 9930 10371 10062 9330 9364 10309 10494 9442 9664 8801 10072 8576 10173 9114 9795 9939 10106 10400 10060 11116 9205 9460 10449 10125 10320 8624 10238 9327 10469 9451 8882 10667 10338 0 0 0 0 0 0 0 0 0 0 0 0 0 0 0 0 0 0 0 0 0 0 0 0 0 0 0 0 0 0 0 0 0 0 0 0 0 0 
8643 9999 8960 8518 9733 9470 8975 9340 8701 8400 9470 9369 8848 10392 9268 8535 10454 8570 8280 10043 8921 9262 8597 7913 9410 8539 8783 9250 9253 8586 9459 8669 9775 9666 9450 9496 9378 9347 9169 8843 8781 9442 8881 8469 8720 9871 9522 9889 9741 8932 7926 9216 9685 9395 10614 8115 9258 8702 8971 8740 8748 8948 9566 9148 8327 8429 9278 9606 9910 9371 8602 10000 8593 10045 9967 9680 9483 9602 10190 9376 9020 9566 8165 8219 8820 9833 9019 9130 9023 9589 7609 9558 9268 9941 9482 9909 9368 8793 10919 9278 8764 9818 9939 9975 8502 8837 9225 10974 10104 8222 9551 9638 0 0 0 0 0 0 0 0 0 0 0 0 0 0 0 0 0 0 0 0 0 0 0 0 0 0 0 0 0 0 0 0 0 0 0 0 0 0 
10371 10058 9304 9922 9942 10198 9734 9608 8302 8186 9716 9563 10192 10340 9651 8994 10715 7262 9142 8998 9703 9625 8721 8316 9721 9246 9031 9342 9433 8715 9132 9434 8880 9517 9275 9784 9419 9239 9572 9183 8574 9370 9416 9384 8950 9948 9812 10008 9927 8740 8578 8997 10056 9833 10958 9062 9452 9641 8854 9043 8981 9357 10185 8758 9604 9119 9100 10203 9449 9635 9445 10628 8416 10122 9722 9987 10360 9928 10118 9181 10371 8687 9101 8837 9865 10074 9326 9268 9513 9710 7774 10105 8938 9332 10066 9068 9496 9892 9519 8912 8987 9863 9904 10007 8016 9550 9157 9597 9562 9289 9497 9567 0 0 0 0 0 0 0 0 0 0 0 0 0 0 0 0 0 0 0 0 0 0 0 0 0 0 0 0 0 0 0 0 0 0 0 0 0 0 
11161 10722 9422 10329 10394 10648 10411 10044 8973 8770 9822 9967 10410 10763 10571 9369 11863 8591 9018 9707 10270 10126 9003 8800 10099 9760 9492 10011 10252 9364 10828 9504 9969 10119 10533 9977 10157 9846 9674 10719 9732 10387 9744 9659 9136 11557 10569 10768 10691 9292 8093 10057 10511 10456 11532 8799 10185 9601 10123 9494 9161 9525 10403 9806 9565 9178 10171 10403 10541 9520 9680 11069 8875 10961 10865 10211 10478 10524 10983 9277 10747 10091 10043 9989 10497 10137 10212 10374 9865 10486 8860 10528 9399 10525 11418 10201 10259 10530 11386 9787 10091 11007 10625 10591 9233 10276 9434 11042 10001 10030 9694 10894 0 0 0 0 0 0 0 0 0 0 0 0 0 0 0 0 0 0 0 0 0 0 0 0 0 0 0 0 0 0 0 0 0 0 0 0 0 0 
10291 9986 9165 10060 9714 10693 10022 9425 8784 8352 10485 9775 9580 10089 9312 8856 11142 7993 8839 9271 9525 9462 8384 8254 10361 9336 9471 9303 9686 8876 9606 9396 9513 10222 10038 9993 9623 9859 9037 9733 9017 9551 8992 8955 9117 10685 9995 10370 10221 8104 8750 9786 9913 10196 10541 8975 9078 9583 9591 8873 9056 9705 10005 10016 8991 9524 8780 10077 9505 8898 9574 11256 8534 10153 9860 10834 10229 10020 9714 10075 10092 9005 9256 8795 9688 10184 9658 9821 8850 9964 8648 10140 9344 10334 10274 10208 9938 9722 10350 9266 9215 10519 9963 10031 8352 9435 8619 10954 9706 9747 9531 9953 0 0 0 0 0 0 0 0 0 0 0 0 0 0 0 0 0 0 0 0 0 0 0 0 0 0 0 0 0 0 0 0 0 0 0 0 0 0 
8975 9211 8474 8702 8738 8829 8220 8967 8002 7315 8830 8739 9171 9358 8901 8043 10056 7310 7712 8720 9741 8560 8047 7776 9037 8105 8862 8770 8832 8248 8776 8465 8070 8908 8758 8144 8550 8351 8447 8879 8095 8537 8519 8687 7675 9453 8490 9133 9407 7934 7329 9126 8701 9079 10042 8555 9330 8431 8310 8833 7904 8214 8557 8237 8058 7723 8629 9230 8988 8542 8323 9283 8083 9174 9314 8790 9287 9187 9458 7944 9273 8816 7858 7907 8861 9839 8232 8645 8151 8394 7611 9279 8764 8499 9097 9364 8991 8760 9561 8193 8565 9144 9582 9775 7709 8839 8135 9284 7996 7701 9133 9282 0 0 0 0 0 0 0 0 0 0 0 0 0 0 0 0 0 0 0 0 0 0 0 0 0 0 0 0 0 0 0 0 0 0 0 0 0 0 
9031 9803 8653 8801 9152 8870 9341 8964 8401 7848 9213 9000 8928 9327 9009 8565 10430 8189 7728 8763 9630 8884 8824 8436 9117 7967 8595 8580 8977 8309 9908 9636 8359 8462 9487 9243 9112 9388 8658 8852 8847 8754 9137 8623 8485 9889 8676 8812 9247 8322 7822 8635 9211 9368 9851 7836 8762 8367 8639 8925 8335 9851 8753 9093 8207 8446 8409 9267 9015 8706 8677 9388 7998 10068 10033 9934 9905 9477 9441 8621 9962 8215 8181 7780 9044 9190 9057 9268 8343 9080 7596 9691 8618 9380 9437 9525 8989 8652 9701 8592 8410 9335 10165 9454 8045 8412 8404 9943 9084 8458 8830 9307 0 0 0 0 0 0 0 0 0 0 0 0 0 0 0 0 0 0 0 0 0 0 0 0 0 0 0 0 0 0 0 0 0 0 0 0 0 0 
9265 10174 10043 9356 9926 9599 9905 10069 9227 8009 9139 8844 10194 9587 9945 9336 11195 8912 8734 9444 10109 10085 8637 8327 10274 8972 9223 9013 9940 9045 8714 9414 9634 9217 9845 9990 9695 9781 9371 9782 9601 8987 9210 9762 9080 10502 9772 9740 10261 8623 8845 9675 9258 9754 10539 9064 8977 9374 9047 8794 8482 9574 10034 9750 9422 9071 10102 10406 10025 9630 9499 11292 8424 9942 9361 10241 10521 9897 10205 9649 10940 8933 9028 9077 9576 9984 8826 9304 9004 9950 8147 9663 9647 9159 10104 9691 10026 9292 10331 9010 9138 10036 10113 9522 8885 9729 9634 10241 9587 9125 9918 9939 0 0 0 0 0 0 0 0 0 0 0 0 0 0 0 0 0 0 0 0 0 0 0 0 0 0 0 0 0 0 0 0 0 0 0 0 0 0 
8723 8452 8361 9375 8978 9341 8882 8624 7828 7185 8381 8398 8320 8772 8719 8448 9632 8501 7950 9291 8828 8996 7908 7717 9349 7936 8231 8196 8412 8293 9133 8159 8456 9167 8985 8741 8920 8946 9371 8818 7893 8913 7868 8324 8214 9474 8827 9137 8526 8194 7467 8949 8922 8977 9797 7535 9045 8653 8225 8193 7895 8456 9051 8522 8358 7844 8450 9031 9201 8330 7703 9530 7661 9176 8710 9025 8958 8973 9336 8879 9030 8451 7999 8075 8514 9061 8716 8344 8245 9092 7111 8949 8014 9888 9580 8861 8881 9179 9656 8599 8836 9059 9525 9786 7661 8606 8800 9477 8898 7757 8926 9109 0 0 0 0 0 0 0 0 0 0 0 0 0 0 0 0 0 0 0 0 0 0 0 0 0 0 0 0 0 0 0 0 0 0 0 0 0 0 
9288 9218 8802 8234 9491 9058 8699 9213 8549 8012 8860 8918 8807 9960 9603 8667 10534 7865 8126 9079 9105 9378 8481 7907 9223 8391 8403 8909 9081 8938 8912 8264 9315 9481 9119 8369 8785 8593 9361 9288 8322 8915 8869 9143 8665 10522 9510 9371 9374 8043 8382 9019 9264 9511 10629 8090 8998 8829 8879 8522 8467 8858 10032 8760 8255 8461 8678 9918 8845 9097 9387 10756 8301 9914 9578 9401 10193 9674 9492 8973 9704 9129 8796 8509 9452 9111 8825 8958 8848 8910 7368 9249 8548 9089 9697 9090 9539 9128 9792 9051 8899 9629 9638 9575 8356 8970 8807 10315 9388 8924 9196 9140 0 0 0 0 0 0 0 0 0 0 0 0 0 0 0 0 0 0 0 0 0 0 0 0 0 0 0 0 0 0 0 0 0 0 0 0 0 0 
8460 9134 8397 8158 8416 9052 8518 8973 8061 7247 8489 8200 9256 8864 8478 8575 9524 7681 7350 8682 8667 8933 7781 7580 9100 7974 9342 8561 8602 8117 8536 8127 8117 8572 8348 8593 8354 8871 9152 8362 7880 8417 7826 8036 8183 9136 8629 8963 8690 8786 7019 8993 8684 8484 9603 7853 8163 8366 8346 7915 8192 8658 8445 8311 8507 7741 8214 9004 8955 7767 7808 10051 7643 8810 9543 8543 9337 8867 9432 7989 9201 8537 7792 8841 8208 8914 8508 8411 8160 8330 7011 9163 7988 9342 9203 8331 8055 8498 9975 8161 8543 9234 8694 9275 7092 8576 8580 9492 9373 8243 8547 9154 0 0 0 0 0 0 0 0 0 0 0 0 0 0 0 0 0 0 0 0 0 0 0 0 0 0 0 0 0 0 0 0 0 0 0 0 0 0 
9784 9564 9048 9417 10004 9278 9578 9672 8739 8302 8934 9473 9514 9931 9666 9614 11111 8462 8475 9588 9583 10131 8504 7826 9546 8332 9438 9113 9446 8890 9725 9059 8529 9646 9543 9733 9707 9223 9706 10085 8584 9440 9562 9156 9134 9922 9328 9606 9183 8475 8382 9185 10216 9726 10336 8835 9284 9088 8184 9328 8710 9429 9728 9786 8806 9172 9156 10221 9493 9225 8436 10708 8461 10297 10041 9082 10450 9928 10480 8611 10267 8946 8733 8610 9507 9954 9542 8914 8792 9774 7719 9763 9528 9366 9331 10044 9793 10202 9907 8327 8632 10166 9822 9731 8506 9272 9663 10438 9507 8901 10186 8981 0 0 0 0 0 0 0 0 0 0 0 0 0 0 0 0 0 0 0 0 0 0 0 0 0 0 0 0 0 0 0 0 0 0 0 0 0 0 
8421 8779 8070 8425 8495 8677 8216 8618 7435 7153 7883 8456 8929 8593 8472 7804 9296 7115 7473 8584 7963 8799 7598 7428 8525 7563 8090 8212 7959 7941 8014 8197 7638 8072 7953 8890 8140 7812 8821 7916 7290 8446 7629 8228 7535 9051 8315 8834 8644 7689 7669 8258 8334 8451 9321 7236 8252 8141 8016 8276 7116 8467 8793 8441 7158 7564 8714 8445 8107 7868 8360 8985 7324 9017 8750 8653 8836 8643 8948 7740 8481 7471 8010 7996 8704 8995 8144 8574 8043 7936 7044 8414 8191 8121 8897 8731 8835 7821 8913 7605 7541 8753 9256 8991 8202 7657 9015 8773 8421 7907 8387 7981 0 0 0 0 0 0 0 0 0 0 0 0 0 0 0 0 0 0 0 0 0 0 0 0 0 0 0 0 0 0 0 0 0 0 0 0 0 0 
8425 9375 8039 8256 8905 8775 8196 8574 7965 7689 8254 8500 8322 9237 8110 7958 9524 8035 7665 8969 8705 8457 7460 7638 8488 7817 8213 7915 8343 7801 8745 8003 8470 8165 9064 8161 8584 7490 8614 8900 8546 8627 7719 7850 7868 9585 8500 8754 8700 7877 7782 8310 8907 8758 10296 7490 8464 7392 8531 8004 8473 7892 8793 8088 7875 7956 8176 9310 8571 8739 7540 9580 8032 9119 9029 8446 9533 8849 8893 8057 8734 9323 7997 7829 8321 8948 8213 8220 8303 8479 6663 8620 8133 9304 8586 8645 8465 9016 9507 8349 8038 8763 8826 9105 7796 8872 7570 10054 8825 8020 8968 9156 0 0 0 0 0 0 0 0 0 0 0 0 0 0 0 0 0 0 0 0 0 0 0 0 0 0 0 0 0 0 0 0 0 0 0 0 0 0 
8994 9565 8532 9146 9758 9019 9428 8748 8283 8587 9334 8711 9350 9882 9350 8660 10313 7842 8480 9367 8849 9152 8319 8191 8282 8743 8236 9195 8317 8890 8989 8465 9081 9333 8898 9448 8663 9553 8819 8697 8831 9521 8459 8311 8534 9764 8901 9737 9821 8321 7499 9157 10140 9368 10284 7670 8760 9316 7608 8851 8737 8944 9861 8892 8749 8283 8816 9832 9538 9088 8709 10507 8419 9635 9432 9145 9696 9425 9502 9053 9577 8894 8486 8281 8951 8787 9041 8700 8725 8954 7882 9478 9390 10063 9342 8970 9288 8641 10042 8957 8537 9398 9302 9805 8293 9130 9086 9965 8857 8770 9067 9483 0 0 0 0 0 0 0 0 0 0 0 0 0 0 0 0 0 0 0 0 0 0 0 0 0 0 0 0 0 0 0 0 0 0 0 0 0 0 
9498 9997 9311 8835 9674 10393 9741 9278 8755 8268 9511 9436 9845 10035 9934 9479 11449 8678 8462 9450 10073 9680 8893 9010 9901 8563 9318 9266 9667 9007 9763 9449 9139 10616 10171 10107 9856 9765 9832 9732 8861 9808 8323 9330 8920 10828 9668 10203 9666 8358 8192 9315 9787 10243 10650 8890 8857 9609 8893 8890 8496 9166 9614 9646 8991 9199 8647 10606 9244 9624 9037 10794 8683 9822 9605 10594 10481 10311 9864 9856 10349 9370 8878 8458 9634 10363 9280 9562 8347 9522 7773 10444 9317 9949 10914 10855 9779 9722 10249 9240 9831 10008 10439 10401 8593 9026 9073 10639 10075 8579 9869 9893 0 0 0 0 0 0 0 0 0 0 0 0 0 0 0 0 0 0 0 0 0 0 0 0 0 0 0 0 0 0 0 0 0 0 0 0 0 0 
9431 9657 8585 8941 8705 8885 8214 8283 7737 7920 8979 8656 9170 9138 8725 8374 9778 7483 8360 9407 8268 9498 7504 7829 8645 8808 8302 8340 8630 7669 8350 8642 8831 8418 8795 9255 8360 8863 9280 9123 8852 9356 7993 7882 8239 9860 9217 9981 9871 8006 8434 8246 9501 9033 10386 8072 7816 7999 8779 8691 8049 8944 9351 8646 8585 8838 9050 9501 8871 9087 7876 9498 8327 8935 8974 9141 9218 9115 9287 8812 8457 9039 8191 8619 9336 9172 8997 8907 8767 9502 7616 9130 8516 9023 9447 8651 8596 9057 9824 8567 8392 9037 9039 9746 8325 9176 8181 9444 9336 8237 9393 8841 0 0 0 0 0 0 0 0 0 0 0 0 0 0 0 0 0 0 0 0 0 0 0 0 0 0 0 0 0 0 0 0 0 0 0 0 0 0 
10139 10055 9427 9796 10116 9728 9585 9681 9180 8440 9710 10032 10826 10276 9603 9377 11507 8691 8433 10723 9685 9652 9364 8517 10484 8812 9685 10168 9561 9649 9326 9186 9704 9868 10098 10123 10087 9101 9785 10095 9069 9732 9523 9658 9474 10564 10492 10603 10101 9267 8694 9986 9866 10574 11000 9368 9886 9530 9543 9210 9388 9617 9921 9831 9160 9689 9800 10720 9569 9326 9219 11293 9026 10347 10430 10199 10966 10260 10725 9703 11037 10276 8892 9280 9656 10450 9349 9636 8955 10198 8987 10842 9496 10216 10493 10622 9857 10012 11196 9444 9270 11085 9981 10854 8642 9626 9634 10556 10043 9518 10184 9547 0 0 0 0 0 0 0 0 0 0 0 0 0 0 0 0 0 0 0 0 0 0 0 0 0 0 0 0 0 0 0 0 0 0 0 0 0 0 
9484 9766 9434 9023 9822 9206 9517 9593 8516 8232 9513 9030 9485 9852 9329 9103 10750 8283 8601 9961 9468 10044 8179 8294 10211 8792 9059 8937 10000 8927 9620 9297 9224 9291 9390 9322 8856 9378 9125 10208 8622 9327 9025 9485 8609 9428 9472 9374 9583 8792 8411 8691 9496 9731 10423 7932 9181 8441 9312 9252 8320 9806 9440 9412 8702 8657 9001 9748 9451 9379 9058 10244 8201 10359 9239 9804 9850 9642 9806 9303 9608 9094 8829 8771 9653 10024 9415 9371 8764 9621 7770 9960 9214 9758 9983 9469 9778 9985 10289 8679 9172 9380 9755 9611 7655 9006 9440 10593 9338 8782 9796 9935 0 0 0 0 0 0 0 0 0 0 0 0 0 0 0 0 0 0 0 0 0 0 0 0 0 0 0 0 0 0 0 0 0 0 0 0 0 0 
8716 9224 8877 9166 9306 9790 8711 9440 8292 8185 9587 8839 9488 9837 9442 9256 10192 7905 8194 9596 8672 9134 8591 8006 9985 8658 9052 9272 9454 8835 9452 8755 9204 9318 9467 9147 8857 9130 9095 9466 8570 8971 9008 8697 8046 9455 8903 9418 9173 8061 7669 8983 9368 9701 10341 8191 9196 8634 9308 8371 8708 8714 8961 9508 8878 8541 8781 9562 9290 8863 8474 9993 8213 9831 9980 9854 9808 9149 9278 9265 10192 9405 8524 8141 9104 9395 9036 9139 8140 9413 7427 9740 8998 9785 9785 9764 9277 9161 9433 8961 9228 8785 9527 9734 7394 8329 8555 9895 9018 8546 9663 9270 0 0 0 0 0 0 0 0 0 0 0 0 0 0 0 0 0 0 0 0 0 0 0 0 0 0 0 0 0 0 0 0 0 0 0 0 0 0 
8396 8898 7648 8253 8840 8734 8855 7625 7602 7317 7850 7776 9044 9082 8323 7616 10106 7836 7764 7930 8146 8399 8692 7590 7984 7724 7831 8497 7812 7568 8108 8004 7477 8156 8228 8502 8387 8605 8418 8353 8212 8705 8283 8498 8165 9359 8678 8795 8583 7650 7568 8805 8760 9032 9766 7724 8004 8472 7638 8392 7434 8983 8744 8924 7710 8406 8076 9196 8406 8679 8040 9983 7671 8660 8486 8449 9560 8720 8681 8454 9228 8154 7896 7428 8978 8581 7935 8849 7968 8787 7525 8847 8034 8664 8763 8216 8948 8105 9226 7974 7920 8470 8949 8562 7659 8477 7643 9314 7823 7873 8788 8375 0 0 0 0 0 0 0 0 0 0 0 0 0 0 0 0 0 0 0 0 0 0 0 0 0 0 0 0 0 0 0 0 0 0 0 0 0 0 
9358 9469 9162 9123 9395 10402 8723 8914 8431 8093 9421 8946 9488 10091 8885 8493 10996 8326 9300 9522 8933 9697 8650 8165 9604 8418 8679 8944 8494 8953 8709 8693 8785 9990 9504 9160 8751 9087 9368 8917 8739 9746 8769 8807 8474 10179 9454 9191 9496 8125 8552 9258 9885 9937 10536 8181 8862 9276 8928 9472 8731 9751 10326 10423 8716 9228 9323 10285 9837 9169 8423 10517 8116 9848 9543 9903 10076 9975 9669 9541 9651 8846 8549 8044 9362 10058 9295 9531 8098 10072 7596 9649 8515 9784 10430 9898 9343 9842 9876 8903 8910 9990 9827 10464 9130 8808 8405 9797 9401 8550 9616 9209 0 0 0 0 0 0 0 0 0 0 0 0 0 0 0 0 0 0 0 0 0 0 0 0 0 0 0 0 0 0 0 0 0 0 0 0 0 0 
9685 9952 9213 9240 9486 9779 9632 9666 8250 8508 8804 9877 9721 9687 9901 8906 10685 8182 8434 10406 9040 10222 8466 7916 9467 8686 8865 9467 9303 8902 9635 9502 9507 9837 9749 9787 9044 9437 9219 9872 9611 10073 9409 8454 9273 10237 9977 10439 10046 9257 7517 9290 10428 9655 10777 8572 9157 9652 8530 9540 8807 9599 9852 9759 8838 8891 9798 9854 10267 9255 8957 10613 8607 10376 10350 9987 10506 9507 10488 9511 10377 9967 9237 8924 9764 9792 9273 8969 8120 9471 7781 10051 10090 9769 10073 9727 9983 9022 10357 9325 8409 10471 10280 9964 8668 9047 9361 9982 9331 9207 9749 9031 0 0 0 0 0 0 0 0 0 0 0 0 0 0 0 0 0 0 0 0 0 0 0 0 0 0 0 0 0 0 0 0 0 0 0 0 0 0 
10075 10233 9016 9716 9913 9396 9326 9129 8959 8881 9421 9326 10223 10309 10409 8696 10809 8798 8423 9729 9528 9893 8960 8522 9349 9388 8811 9342 9223 8906 9446 9426 9066 8994 9809 9297 9313 9607 9498 9931 9366 9906 9387 9187 9286 10784 9603 10094 10606 8493 8433 9771 9882 10572 11124 8843 9045 8976 9299 9579 8714 10269 9902 9802 9458 9387 9607 9950 9955 10044 9056 10979 8816 9573 10275 9627 10589 9732 9716 9374 10098 9686 8684 9282 10074 9730 9237 9547 9172 10091 8102 10544 9843 9671 10266 9853 10078 9477 10459 9144 8834 9835 10003 10140 8599 9402 9496 10115 9332 9329 9992 9814 0 0 0 0 0 0 0 0 0 0 0 0 0 0 0 0 0 0 0 0 0 0 0 0 0 0 0 0 0 0 0 0 0 0 0 0 0 0 
7605 8286 7568 7205 8214 8016 8000 7304 7587 6457 7538 7907 8471 8770 8206 7541 9284 6577 6868 7993 7797 8297 6892 6694 7859 7242 7907 7721 7302 7540 7477 7700 7587 7186 7813 7914 7199 7362 7851 7556 6822 8221 6697 7691 7015 8824 8046 8344 8449 7201 6876 7582 8136 8302 8466 6476 7404 7432 7227 7066 6907 7401 7262 7508 7313 7026 7005 8229 7777 7816 7758 8869 7358 8395 7928 8153 8542 8081 8695 7735 8287 7796 6698 7269 7970 8321 7744 7487 7715 7726 6566 7299 7196 8179 8240 7741 7757 7954 8837 7619 7285 8246 8063 8718 7369 7434 7255 9052 8006 7119 7566 7974 0 0 0 0 0 0 0 0 0 0 0 0 0 0 0 0 0 0 0 0 0 0 0 0 0 0 0 0 0 0 0 0 0 0 0 0 0 0 
8220 9397 8248 8491 9458 9030 8687 8445 8469 7444 8407 7983 9217 8797 8894 8462 10515 8594 7295 9261 8736 9010 8469 7965 8894 7657 8489 8554 8203 8411 8064 8264 7811 8717 9338 9461 8539 8831 8713 8591 8224 9302 8154 7978 8720 10174 9164 8471 8871 7887 7733 8289 9294 9465 9803 7561 8686 8662 8488 8802 7905 8886 9284 9281 7806 8656 8659 9334 8922 8618 7812 9750 8191 9258 9441 8531 8548 9185 9409 8152 9117 8302 7807 8145 9051 9524 8092 8299 7889 9308 7442 9284 8387 9190 9395 8944 9227 8526 9513 7992 7992 9270 9043 9455 8125 8635 8029 9794 8913 7740 8991 8790 0 0 0 0 0 0 0 0 0 0 0 0 0 0 0 0 0 0 0 0 0 0 0 0 0 0 0 0 0 0 0 0 0 0 0 0 0 0 
9435 9313 8689 8674 10149 9327 9094 9429 8651 8242 9011 9125 9017 10009 9154 8656 10107 7745 8314 9869 9335 9143 8664 8189 9308 8191 8590 8438 8624 8300 8705 8570 8876 8942 8983 9407 8566 8796 8986 9206 8689 9370 8973 9087 8504 9879 9073 8995 9430 8179 8644 8758 9122 10023 10385 8363 8904 8435 8893 8537 8274 8846 9084 8669 8703 8094 8737 9580 8267 9076 8606 10011 8445 9555 9421 8717 9707 8723 9566 8484 9279 8888 8349 8612 8750 9994 9044 8848 8695 8829 7194 9658 8955 8932 9546 9424 9149 8917 9772 8467 8916 8787 8969 9757 7782 8730 9224 10078 9305 8107 9873 9680 0 0 0 0 0 0 0 0 0 0 0 0 0 0 0 0 0 0 0 0 0 0 0 0 0 0 0 0 0 0 0 0 0 0 0 0 0 0 
10514 10587 9438 10588 10676 11072 11019 10047 9161 8892 10349 10240 10100 11255 10711 9779 11708 9102 9286 10502 10540 10376 9331 8762 10431 9831 9778 9737 10066 10109 10708 9903 9908 10578 10422 10087 10137 10046 10049 9971 10156 10601 9517 10002 9476 11335 10655 11182 10846 8731 9306 9678 10307 10916 12256 9253 9996 9975 9707 9088 9157 9729 10377 9612 9543 10009 9617 10917 10528 10837 9437 12105 9724 10634 10473 10094 11009 10306 10709 10425 11191 10443 9534 10234 10807 10825 9984 10500 10006 10416 8307 10584 9738 10673 11035 9402 11113 10544 11716 10103 10484 10107 10630 10949 8880 10515 10055 11413 9842 10047 10884 11019 0 0 0 0 0 0 0 0 0 0 0 0 0 0 0 0 0 0 0 0 0 0 0 0 0 0 0 0 0 0 0 0 0 0 0 0 0 0 
9410 9683 8596 9782 8898 9112 9589 9265 8103 7568 8687 9296 9253 8903 9007 8920 10110 7825 7820 9416 9506 9515 7999 8155 9356 7792 8706 8250 8766 8525 9113 9171 8630 9404 9642 9375 9233 9041 9037 9451 8754 9124 8671 8361 8673 9918 9223 9940 8890 7798 7704 9347 9033 9370 9606 8823 8855 8849 8781 8088 8272 8916 9038 8706 8629 8397 9220 9716 9568 8697 8528 10059 8224 9360 9333 9710 9958 9276 9855 9023 10211 8879 8334 8814 9276 9822 8827 8695 8354 9044 7772 9400 8251 9667 9278 9164 8975 8887 10111 8803 9240 9697 9903 9629 8089 9075 8895 9522 9451 8571 8480 9142 0 0 0 0 0 0 0 0 0 0 0 0 0 0 0 0 0 0 0 0 0 0 0 0 0 0 0 0 0 0 0 0 0 0 0 0 0 0 
8914 9345 8295 8494 8806 8512 8156 7983 8199 7769 8368 8143 9187 9028 9249 8379 9122 7341 6972 8458 8963 8793 8021 8000 9562 8238 8500 8406 8446 7672 8477 8380 8826 8341 8179 8424 8691 8275 8421 8220 7949 8893 8388 8100 8164 9174 9230 8684 8537 7763 7760 8332 8286 8919 9644 7562 7949 8499 8551 8064 7539 8267 8938 8590 7962 8447 8263 9052 8865 8279 8242 9710 7911 9387 8956 8598 9008 8442 9141 8120 8689 8624 8020 8398 8647 8846 8100 9051 8365 9152 7634 8832 8414 8862 9117 9004 8425 8639 9509 8038 8224 9200 9048 9423 7166 8080 8778 9008 8674 8405 8779 9284 0 0 0 0 0 0 0 0 0 0 0 0 0 0 0 0 0 0 0 0 0 0 0 0 0 0 0 0 0 0 0 0 0 0 0 0 0 0 
9475 9968 9165 9551 9801 10009 9690 9455 8254 8776 8692 9294 10144 10198 9622 8945 11056 8598 8926 9688 8799 9879 9253 8328 9513 9092 8685 8989 9287 8679 9757 9351 9820 9225 9987 9684 9247 9344 9455 9698 9481 9828 9624 8811 9075 9941 9579 10361 9940 9075 8167 9184 10136 9837 10560 8502 8805 9168 9088 9620 8221 9301 10247 9919 8829 8966 10463 10570 10103 9217 9114 10426 8795 9797 10049 9494 10438 9348 10182 9417 10179 9648 8612 8826 9669 9603 9382 9597 8736 9637 7830 9530 9417 9503 9897 9996 9157 9392 10680 9029 9440 9892 9859 10565 8247 9228 9785 10179 9611 8353 9796 9423 0 0 0 0 0 0 0 0 0 0 0 0 0 0 0 0 0 0 0 0 0 0 0 0 0 0 0 0 0 0 0 0 0 0 0 0 0 0 
9646 10274 8813 9122 9658 9881 9224 9487 8054 8253 9201 9595 9551 9981 9331 8407 10615 8396 8680 9791 9540 9734 8293 8469 9661 9264 8824 9009 8915 8662 9829 9129 9726 10039 9055 9422 9357 8818 9588 9256 9079 10143 9270 9202 8363 10379 9382 10175 10136 8616 8368 9226 9850 10131 10912 7776 9382 8576 9388 9142 8583 9374 9424 9682 8680 8601 9226 10050 9573 9012 8643 10536 8560 10418 9583 9802 10153 10173 10257 9194 9537 10007 9224 8954 9413 10252 9492 8998 8854 9447 7790 10230 8760 9869 10090 9986 9379 9388 10685 9106 9410 9968 10143 10253 8449 9868 9402 10701 9627 9378 9778 10352 0 0 0 0 0 0 0 0 0 0 0 0 0 0 0 0 0 0 0 0 0 0 0 0 0 0 0 0 0 0 0 0 0 0 0 0 0 0 
8620 9033 7797 8380 8919 8758 8377 7884 7973 7911 8279 8224 8430 8940 8357 8043 9546 7325 7573 8154 8842 8303 8036 7442 9012 8184 8216 8476 7891 7615 9021 8135 8469 8927 8755 9040 8899 8364 8085 9046 8243 8596 8314 8158 8165 9241 8992 8527 9148 7759 7462 8644 9414 8941 9840 8371 8014 8133 8078 8186 7855 8403 8675 8621 8456 9078 8181 9654 8428 8923 8008 9792 8291 8992 8990 8609 9426 8767 9092 8326 8949 8819 8032 8063 8380 8807 8606 8601 8335 8980 7389 8705 8472 9151 9109 8854 8031 8425 9249 8493 8335 9076 9196 9124 7233 8601 8511 9693 8448 7767 8876 9222 0 0 0 0 0 0 0 0 0 0 0 0 0 0 0 0 0 0 0 0 0 0 0 0 0 0 0 0 0 0 0 0 0 0 0 0 0 0 
9187 9372 9196 8491 9187 9723 9177 9297 8273 8198 9201 8893 8802 9315 9036 8789 10598 8387 8265 9427 9025 9131 8107 7894 9595 7811 8969 8817 9482 8709 9335 8811 9296 9758 9673 8811 9443 9086 9261 9179 8550 8835 8617 8960 9099 9712 9163 9129 9513 8429 7884 8510 10043 9749 10342 7842 8957 8261 8844 8758 8143 9090 9885 9174 8597 8986 8427 10285 9231 9167 8742 10484 8112 9458 9693 9347 9797 9415 9341 9440 9663 8928 8754 8482 8667 10025 8826 8981 8226 9110 7462 10197 9134 9732 9828 9842 9712 9549 10061 8268 9221 9210 10034 9766 7980 8703 8618 9990 9496 8653 9545 9099 0 0 0 0 0 0 0 0 0 0 0 0 0 0 0 0 0 0 0 0 0 0 0 0 0 0 0 0 0 0 0 0 0 0 0 0 0 0 
9320 10090 9508 8817 9865 10348 9329 9650 8897 8005 9100 9020 9713 10118 10022 8854 10515 7669 8990 9939 9717 9119 8800 7682 10304 9167 9443 9449 9762 8946 9613 9388 9224 9705 9412 9615 9597 9395 9457 9132 9501 9918 9541 9661 8842 10364 10387 10397 10091 8413 8579 8988 9345 9940 10747 8474 9031 9399 9336 8901 8700 8660 9526 9907 8784 9447 9761 9600 9934 9358 8871 10372 8846 10539 10094 10286 10085 9575 9536 9280 9556 9497 8826 9056 9462 9977 9347 9624 8907 9667 8075 9996 9154 9595 10684 10182 9593 9482 10528 9244 9126 9905 9694 10141 8262 9467 9087 10296 9296 9301 10140 10422 0 0 0 0 0 0 0 0 0 0 0 0 0 0 0 0 0 0 0 0 0 0 0 0 0 0 0 0 0 0 0 0 0 0 0 0 0 0 
10547 11127 10100 10380 10976 10678 10509 10663 9912 9133 10459 10261 11017 11047 10394 10160 12933 9243 9470 10379 10519 10516 9889 9886 10242 9764 10266 10200 10139 9467 11181 10750 9284 10832 10733 10836 10911 10347 10823 10464 9857 11149 10584 10052 10588 11589 10393 10974 10695 9763 9618 11100 11085 11376 11666 9723 10524 9711 9943 10412 9620 10495 10438 11171 9500 10091 10535 11425 10773 9967 9992 11583 10084 11045 11211 10900 11915 11470 11165 10044 11620 10942 10062 9980 10237 11637 10442 10848 10072 10851 8701 11099 10572 11039 11311 11354 11105 10186 11885 9820 10269 11103 11681 11705 9586 10926 10417 11868 10942 10356 10362 11294 0 0 0 0 0 0 0 0 0 0 0 0 0 0 0 0 0 0 0 0 0 0 0 0 0 0 0 0 0 0 0 0 0 0 0 0 0 0 
8658 9265 7998 8840 8966 8771 8153 8124 7188 7558 8722 8497 8805 8352 7947 8100 9420 7554 7000 8864 8180 9446 6845 7078 9218 8176 8232 7948 7959 7692 8583 7879 8510 8855 8276 9192 8602 8583 8387 8737 8553 8429 8124 7210 7947 9254 9371 9366 8770 7150 8150 8899 8775 9275 9295 7901 7650 8018 8472 8008 7461 8582 9008 8688 8229 8555 8317 8947 8961 7919 7712 10012 7907 8475 7927 8634 8536 8712 9006 8439 8559 8368 8119 8239 8624 9228 7867 8728 8012 8488 7417 9211 8433 8697 9167 8148 8643 8827 9680 8443 8114 9584 8359 9634 7067 8669 8724 9111 8728 8429 8307 8648 0 0 0 0 0 0 0 0 0 0 0 0 0 0 0 0 0 0 0 0 0 0 0 0 0 0 0 0 0 0 0 0 0 0 0 0 0 0 
8370 8090 7533 7309 8237 8010 8466 8189 6747 7212 7836 8219 8283 7749 7761 7382 9507 7094 6983 8139 8476 8364 7287 6855 7727 7177 7720 7605 7238 7488 7321 7518 7797 8833 8177 8273 7974 7628 8086 8070 8185 8853 8049 7599 7475 9153 8510 8793 8316 7134 6680 7993 8735 8451 9805 7507 7714 8173 7447 7557 7912 7716 7868 7685 7870 7964 8156 9040 8358 8433 7168 8944 7644 8442 8654 7979 8711 8943 8143 7452 9283 8270 7734 7300 8591 8374 8152 7172 6958 8181 7414 8394 6963 8270 8720 8423 8029 8073 8766 7821 7474 8474 8716 8563 7204 8141 7398 8890 8119 7844 7867 8513 0 0 0 0 0 0 0 0 0 0 0 0 0 0 0 0 0 0 0 0 0 0 0 0 0 0 0 0 0 0 0 0 0 0 0 0 0 0 
9681 9772 9331 8928 10026 9824 8964 8981 8831 7879 9166 8957 9778 9720 9486 8206 10340 7790 8029 9092 9723 9460 8353 8148 9618 8538 9675 9060 9287 8313 9409 8935 9032 8993 9304 9367 9202 8573 9317 9561 8604 8986 8843 9415 9157 10240 9578 9415 9850 8604 8462 8961 9118 9493 10428 9145 8746 8326 8657 8715 8454 9205 9933 8809 8845 9376 9507 10267 9096 9179 8601 10262 8229 10040 9202 9237 9843 9058 9677 8818 9942 9011 8410 8344 9254 9596 8862 9151 9366 8957 7260 9476 9120 9025 10260 9306 9721 9807 9661 8783 8958 9172 9844 9999 8338 8714 8896 9875 9167 8794 9724 9480 0 0 0 0 0 0 0 0 0 0 0 0 0 0 0 0 0 0 0 0 0 0 0 0 0 0 0 0 0 0 0 0 0 0 0 0 0 0 
9375 10445 9440 9761 10208 10614 10049 10328 9606 9315 9866 9606 9966 10567 10420 10038 12125 9132 8719 9707 9766 10252 9167 8893 10107 9264 9436 9604 9475 9557 9850 9087 10007 10614 10652 10640 9949 9824 9304 10427 9770 10250 9422 9210 9964 10690 10299 10360 10537 9018 9225 10184 10476 10881 11859 9755 8932 10022 9575 9710 9723 9634 10804 10066 9392 9849 9710 10845 10365 10011 9345 11511 9967 9900 10727 10449 10820 10607 10895 10229 11035 10087 10063 9702 9718 9826 9398 9766 9224 10580 7612 10145 10187 10473 10721 9802 10573 9437 11133 9693 9834 10640 10092 10362 9308 9880 10208 10889 10502 9853 10083 10165 0 0 0 0 0 0 0 0 0 0 0 0 0 0 0 0 0 0 0 0 0 0 0 0 0 0 0 0 0 0 0 0 0 0 0 0 0 0 
10049 10265 9117 9711 9859 10059 10328 10480 8734 8751 9722 9340 10724 10497 10038 9401 12043 8941 8985 10134 9588 10169 9172 8665 10263 9480 9365 9781 10394 8725 9866 9263 9749 9811 10389 10134 10104 9832 10195 10517 9420 9819 9618 10261 8577 11095 10271 10613 9994 9222 8542 9935 10472 10614 11450 8500 9803 9809 9541 9668 9170 10083 9302 10318 9465 9896 9566 10755 10424 10144 8947 11865 8928 10347 10009 10498 10444 10673 10945 9498 10933 10007 9625 9264 9892 10316 9567 9788 9692 10211 8335 10320 9106 10255 10467 9923 10279 9778 11039 9762 9827 10753 10191 10195 8889 10422 9817 10925 10408 9788 10449 10632 0 0 0 0 0 0 0 0 0 0 0 0 0 0 0 0 0 0 0 0 0 0 0 0 0 0 0 0 0 0 0 0 0 0 0 0 0 0 
9467 9472 8806 9078 8953 9265 9062 8544 7964 7209 8922 8596 9714 8937 8547 8264 10947 7588 7638 9021 9008 8830 8030 8465 8959 8415 8527 8810 8796 8139 9300 8560 8617 9421 8984 9216 9244 8778 8742 8813 8698 9108 8613 8542 8123 10428 9684 9360 9617 7504 7883 9296 9468 9414 10172 7957 8374 9063 8314 8987 7972 8694 9113 8979 8271 9109 8264 9947 8760 8840 8446 10405 8313 9077 9130 9498 10179 8855 9621 9002 9676 8956 8594 8161 8138 9144 8844 9016 8014 9040 7889 9566 9018 9556 9772 9365 9414 9032 10033 8258 8454 9431 9737 9268 8165 8543 8518 9397 9129 9333 8765 9263 0 0 0 0 0 0 0 0 0 0 0 0 0 0 0 0 0 0 0 0 0 0 0 0 0 0 0 0 0 0 0 0 0 0 0 0 0 0 
9241 9003 7859 8472 8209 8567 8616 8277 7411 7124 8486 8908 7782 8854 7902 8307 9411 7554 7569 8099 7960 8191 7881 6734 8089 8077 8547 7899 7714 7910 8305 8693 8086 8326 8719 8441 7825 8529 8219 8260 7802 8397 8584 7444 8334 9152 8834 8542 8975 7502 7292 7990 9009 8101 10137 7172 8500 8286 7396 7944 7786 8840 8875 8290 8207 7800 8136 8252 8804 7935 7753 9409 7434 9240 9307 8704 8728 8646 8732 8400 9089 8107 7722 8204 8511 8757 8224 8179 7948 8925 7069 8535 8220 8949 8923 8783 8204 8159 9279 7412 7834 8775 8688 8886 7323 8443 7616 8960 8799 7945 8578 8077 0 0 0 0 0 0 0 0 0 0 0 0 0 0 0 0 0 0 0 0 0 0 0 0 0 0 0 0 0 0 0 0 0 0 0 0 0 0 
8898 8008 7542 8514 8692 8217 8710 7884 7158 7079 7803 7325 8208 8700 8253 7978 9672 7017 8044 8090 7886 8234 7701 7253 8494 8405 8026 8154 7943 7200 8904 7971 7716 8134 8337 8817 8482 8230 8461 8442 7267 9366 7668 8209 7883 8340 7974 8496 8455 7621 7158 8077 8436 8800 9315 7508 8096 7738 7768 8455 7476 8364 8691 8645 7783 7968 8165 8707 8163 7592 7871 9140 7886 8723 8512 8082 8807 8633 8108 7550 9141 8374 7023 7426 8153 8625 8561 8627 8156 8266 6737 8294 8022 8763 9036 8588 8182 8459 8810 7703 8152 7767 8879 8874 6766 8180 7971 9068 8316 8174 8797 8851 0 0 0 0 0 0 0 0 0 0 0 0 0 0 0 0 0 0 0 0 0 0 0 0 0 0 0 0 0 0 0 0 0 0 0 0 0 0 
10335 10695 9788 10034 9661 10623 9633 9813 8769 8235 10099 9184 10356 10153 9876 9507 11046 8934 9270 10309 10458 10334 9400 9284 9772 9167 9493 9330 10352 9755 9781 9694 9473 9724 10083 9622 9918 9971 9929 10067 9879 9734 9184 9640 9337 10982 9897 10685 10305 9067 9259 9498 10193 10627 11348 9243 9161 9352 9276 9511 9045 9658 10540 9763 9933 9319 9674 10844 10109 10075 8969 11564 9414 10097 10090 10448 10896 9748 10172 10350 10507 9183 9041 8825 9913 10073 9018 9903 9219 10160 8397 10832 9605 10421 9943 9515 10166 10747 10630 9071 9748 10486 10414 10343 9219 10146 9151 10204 10080 9687 10272 9802 0 0 0 0 0 0 0 0 0 0 0 0 0 0 0 0 0 0 0 0 0 0 0 0 0 0 0 0 0 0 0 0 0 0 0 0 0 0 
8208 9175 8310 8577 8665 9000 8021 9008 7772 7601 7617 8012 9006 9242 8821 7896 9454 7840 7495 8680 8443 8443 8276 7684 8057 7444 8129 8039 8358 8018 8850 7880 7991 8472 8285 8557 8762 8600 9148 8914 7877 8783 8618 7890 8156 9082 8038 8824 8559 8159 7128 8536 8745 8903 9286 7484 8413 7885 8426 8217 7806 8044 8340 8538 7725 7518 8665 9007 8569 8309 8104 8626 7621 8605 9915 8127 9110 8754 9277 7827 8495 8048 8182 7899 8147 8782 8567 8093 7549 8613 7083 9360 8404 8927 9552 8807 8310 8281 9521 8091 7987 8920 8801 8876 7602 7931 8412 9427 8435 7616 8736 8894 0 0 0 0 0 0 0 0 0 0 0 0 0 0 0 0 0 0 0 0 0 0 0 0 0 0 0 0 0 0 0 0 0 0 0 0 0 0 
9626 9990 8955 8934 9148 9728 8997 9268 8841 8026 9073 8903 9154 9930 8532 8853 10889 7996 8412 9206 9691 9098 8690 8062 10039 8485 9331 8667 8986 9007 9113 9260 9286 9113 9387 8657 8987 8613 8901 9355 8779 8475 9168 8810 8663 9900 9827 9221 9406 8440 8646 9115 9361 9730 10677 8510 8876 8993 8647 8943 8554 9530 9221 9103 8706 8507 8713 10061 9394 8767 8563 10857 8494 9789 9288 9320 9654 9369 9506 9604 10399 9316 8904 9013 8982 9867 8101 8750 8121 9390 7891 9698 8540 9261 9891 9348 9154 9343 9935 8700 8966 9450 9398 10072 8080 9396 8481 9871 8908 8268 9876 9566 0 0 0 0 0 0 0 0 0 0 0 0 0 0 0 0 0 0 0 0 0 0 0 0 0 0 0 0 0 0 0 0 0 0 0 0 0 0 
7897 8912 7819 8191 8364 8138 7832 7434 7190 6955 7995 7443 7991 8356 8536 7391 8335 7271 7383 8205 8277 8262 7002 7645 8717 7996 7323 7621 8050 7415 7444 7620 7489 8187 8057 8088 7808 7953 8270 8089 7832 7944 7385 7867 7427 8162 7519 7913 8383 6636 7425 8103 7885 8261 8939 7748 7721 7642 7304 7746 7588 7872 8379 8487 7905 7937 7962 8991 8177 8161 7225 9224 7231 8156 7406 8514 8866 7632 7971 8244 8539 8096 7131 7027 8227 8683 7436 8419 7676 7787 6510 8210 8119 7783 8240 8001 8345 8170 8483 7848 7605 8272 8652 8169 7349 8049 7581 8393 8221 7484 9061 8337 0 0 0 0 0 0 0 0 0 0 0 0 0 0 0 0 0 0 0 0 0 0 0 0 0 0 0 0 0 0 0 0 0 0 0 0 0 0 
8494 8835 7996 8692 9133 8743 8623 8824 8049 8042 7762 8616 8188 9447 8643 7690 10098 7384 8294 9053 8087 9177 7802 7893 8766 8401 7499 8721 7467 8134 8017 8177 8334 8727 8858 8378 8730 7587 8912 9532 8179 9517 7642 8130 7634 8860 8146 9268 8485 7578 7185 8859 8642 9372 10073 7947 8507 8726 8531 7875 7659 8282 8517 8784 7915 7570 8772 9427 9013 7962 8146 9013 8219 9322 9143 8798 9500 9233 8644 8753 10055 8936 7809 8127 8989 8782 8059 8512 7917 7971 7105 8645 8395 8761 9733 8744 8557 8541 9343 8477 8130 7980 9466 9603 7618 8503 8886 9303 8250 7723 8814 9212 0 0 0 0 0 0 0 0 0 0 0 0 0 0 0 0 0 0 0 0 0 0 0 0 0 0 0 0 0 0 0 0 0 0 0 0 0 0 
9836 9570 9057 9355 9911 9771 9547 9880 8468 8428 9548 9538 9912 9282 9540 9563 10920 8610 8371 10110 9922 9817 8414 8277 10051 8443 9837 9166 9851 8801 9668 9750 9254 9310 9866 9416 9236 9451 9148 9950 9333 9088 8364 9019 8918 10547 9848 10166 9910 8540 8751 9240 9856 10204 10535 8361 9718 9133 9350 8491 8039 9492 9229 9359 9006 8922 9079 9872 10281 8961 8555 10981 8706 10232 9682 9913 10133 10128 10420 9497 10222 9705 8810 9377 9097 10030 9186 9328 8801 9232 8133 9991 9485 10509 9331 9930 10179 9429 10837 8562 9399 9858 9891 10321 8094 9464 9496 10665 9617 9604 9948 10062 0 0 0 0 0 0 0 0 0 0 0 0 0 0 0 0 0 0 0 0 0 0 0 0 0 0 0 0 0 0 0 0 0 0 0 0 0 0 
8814 9291 7478 8624 9339 8928 8925 8358 8790 7597 8319 8681 9074 9554 9021 8472 10689 8067 7640 9112 8535 9327 7715 7643 8933 7773 8034 8482 8465 8283 9314 8338 8599 8123 9025 9105 8926 8718 8634 8754 8128 8888 7602 8300 7890 9180 8416 9083 9398 8282 8065 8233 8829 9150 9487 7334 8230 7825 7927 7968 7803 8656 8378 8338 8002 7667 8003 8926 9143 8251 8249 9732 7711 9765 8899 9258 9154 9252 9396 7957 9058 8511 7951 8368 8786 9390 8622 8626 8357 8842 6847 8870 8284 9278 9278 8577 8960 9389 9610 8434 8107 9260 8943 8993 7994 8355 8671 9972 8888 8216 8865 8975 0 0 0 0 0 0 0 0 0 0 0 0 0 0 0 0 0 0 0 0 0 0 0 0 0 0 0 0 0 0 0 0 0 0 0 0 0 0 
8798 9101 8902 8482 9136 8816 9292 8990 8139 7717 8477 8946 8911 8886 8613 8497 10653 8158 8150 9525 8974 9064 7982 8027 9250 8197 8684 8982 8313 8179 8836 8436 8186 9220 9309 9587 9046 8582 9277 9164 8822 9051 8258 8370 8770 9905 8835 9557 8838 8412 7397 9183 9058 8984 9929 8023 8712 8714 8349 8835 7775 8744 8271 9217 8052 8086 8727 9812 8817 7870 7845 9882 8150 9881 9391 9270 9449 9752 9116 9173 10304 8924 7967 8106 9017 9237 8684 8769 7985 8801 7615 9341 8793 9455 9766 9235 9359 9245 9982 8781 8681 8990 9850 9878 8053 8818 8648 9952 9312 8131 8561 9310 0 0 0 0 0 0 0 0 0 0 0 0 0 0 0 0 0 0 0 0 0 0 0 0 0 0 0 0 0 0 0 0 0 0 0 0 0 0 
7654 8209 7675 7134 8372 7800 8219 7997 7262 7174 7674 7559 8185 8631 7887 7877 9840 6909 6739 7655 7870 8001 7325 7304 7477 6923 7338 7387 7449 6914 7412 7191 7680 8191 8112 8114 7556 6918 7378 7961 7121 8033 6826 7499 6835 8447 6711 7341 8312 7130 6361 7805 8370 8595 8556 6799 6998 7269 7479 7732 6713 7864 8442 7472 7278 7377 7485 8809 7739 7867 6983 8898 7101 8090 7679 7703 8463 7968 8473 7556 8225 7491 7431 7077 7966 8279 7431 6852 7713 7720 5988 7839 7089 8189 8241 8143 7630 7823 8112 7271 7991 7673 8013 7878 7648 7555 7696 8570 7942 7044 7467 7889 0 0 0 0 0 0 0 0 0 0 0 0 0 0 0 0 0 0 0 0 0 0 0 0 0 0 0 0 0 0 0 0 0 0 0 0 0 0 
9912 9372 8972 9367 8890 9371 9364 9501 7893 8612 9421 9308 10228 9787 9420 9065 11210 7576 8663 9532 9159 9398 9371 7984 9109 9090 8897 9305 9195 8603 9605 9267 9419 9114 9487 9827 9078 8945 9221 9179 9239 9418 9059 8669 8826 9471 9479 10004 9733 8769 8116 8344 9828 9540 10899 8117 9026 8746 9091 9125 7831 8752 9334 9572 8865 9007 9499 9655 9441 9581 8504 10526 8678 9912 10030 9367 10039 9580 10110 9077 9647 9422 8754 8785 9555 9860 9487 9366 8903 9930 7805 10569 9442 10451 9519 9550 9235 9523 10268 8872 9001 9692 8874 9966 7629 9448 9139 10321 9292 8894 9752 9702 0 0 0 0 0 0 0 0 0 0 0 0 0 0 0 0 0 0 0 0 0 0 0 0 0 0 0 0 0 0 0 0 0 0 0 0 0 0 
9502 8977 8453 8868 9226 9194 9130 8764 7758 7718 8144 8623 9332 9536 8405 8092 10386 7477 8966 9308 8928 8463 7957 8392 9027 8202 8771 8859 8907 8211 8779 8424 8706 9304 9074 9684 8251 8165 9104 9115 8477 9831 7998 8021 8635 10292 9316 9434 9431 8161 7870 8537 10121 9933 10271 8568 9253 8502 8421 9480 8182 9401 9302 8532 7662 8688 9014 9437 8546 9161 8355 10549 8338 9097 9193 9101 10241 9429 9956 8835 9983 9384 8510 8475 8618 10061 8866 9015 7938 9080 7513 9370 8812 9394 9534 8871 9126 8198 9685 8461 8881 9043 9295 9817 8222 9112 8801 10121 9467 9061 9225 8846 0 0 0 0 0 0 0 0 0 0 0 0 0 0 0 0 0 0 0 0 0 0 0 0 0 0 0 0 0 0 0 0 0 0 0 0 0 0 
9856 9182 9505 9407 10083 9714 10219 9496 8313 8188 9190 9731 10171 9396 10116 9898 11077 8907 8862 9830 9901 9520 8907 8319 10032 8891 9054 9184 9094 9111 9683 9045 8883 10285 9848 10481 9511 9886 9653 9955 8974 9782 8786 9610 8986 10691 10071 10014 10042 8763 7899 9366 10174 10218 10569 9275 10059 9555 9066 9495 8720 9443 9952 9785 9339 9093 9682 10298 9271 9729 9211 10906 8792 9915 9824 9719 10624 9976 10531 9763 10450 9644 8980 8429 10139 10563 9967 9567 8917 9902 8268 10191 9379 10632 9917 10524 10054 9706 10399 9899 9899 10050 10914 10761 8734 9545 9204 10520 9617 9023 9849 9712 0 0 0 0 0 0 0 0 0 0 0 0 0 0 0 0 0 0 0 0 0 0 0 0 0 0 0 0 0 0 0 0 0 0 0 0 0 0 
9197 9322 9543 8767 9532 9125 8922 8980 8830 8088 8550 9184 8970 9537 8385 8639 11158 8628 8274 9182 9150 9453 8931 7751 9558 8635 8711 8841 9092 9041 8875 8410 9067 9284 9560 9349 9084 8776 9205 9986 8520 9008 8727 8775 9425 9877 9527 9126 9485 8564 8352 8933 9931 9537 10415 8279 8709 9271 8655 8936 8477 8972 9241 9880 8276 8895 8671 10277 8953 9260 8630 10339 8811 9460 9784 9377 10175 9453 9977 9461 9999 9178 8650 8819 8790 9111 8859 8894 8502 9427 7902 10211 9312 9588 10259 9254 8936 8785 10700 8566 8486 9429 9741 9395 8283 8777 9300 10384 9308 8888 9382 9187 0 0 0 0 0 0 0 0 0 0 0 0 0 0 0 0 0 0 0 0 0 0 0 0 0 0 0 0 0 0 0 0 0 0 0 0 0 0 
9911 9820 9002 9695 8710 10395 8716 10077 8659 8369 8815 8741 10184 10005 10106 8964 10917 8439 9020 9497 9547 9843 8670 8791 9490 8779 9114 9429 9169 8682 10038 9473 9242 9951 9363 9879 9158 9642 9635 9573 9180 9907 8955 8737 8756 10907 9897 9970 9609 8450 8194 9793 9481 9098 11355 8853 8966 9925 9356 9455 8597 9700 10534 9659 8941 9273 9654 10521 9764 8993 9189 10392 8310 10427 10341 10293 10840 9907 10278 9201 9698 8864 9082 8931 9340 10086 9506 9407 8777 9018 7621 9541 9547 9740 9505 9929 9703 9784 10042 9280 9263 10186 10621 10294 9109 9532 9588 10082 9553 9059 9733 9359 0 0 0 0 0 0 0 0 0 0 0 0 0 0 0 0 0 0 0 0 0 0 0 0 0 0 0 0 0 0 0 0 0 0 0 0 0 0 
9245 8912 8447 8728 9623 9008 9472 9167 8836 8323 8741 9357 8950 9701 8957 8779 10411 7971 7879 8962 9263 9272 8413 7330 9499 8818 8560 8429 8398 8625 8445 8748 8836 8639 8930 9721 8714 8614 8762 9232 8595 8784 9066 8504 8573 9075 9054 8753 9284 8147 8498 8760 8831 9056 9818 8367 8462 8416 8819 7892 8105 9130 8558 9111 8781 8122 8416 9295 8947 8903 8691 10559 7783 9421 9774 9297 10409 9126 9488 8629 10445 8856 8438 8513 9179 9306 8561 9108 8633 9074 7363 9326 9407 9004 9371 8705 9148 8526 9870 8909 7915 9105 8713 9044 7512 8473 9152 10353 9043 8225 9283 9168 0 0 0 0 0 0 0 0 0 0 0 0 0 0 0 0 0 0 0 0 0 0 0 0 0 0 0 0 0 0 0 0 0 0 0 0 0 0 
9176 9340 9005 9057 9354 9730 9753 9121 8916 8475 9370 9607 10208 9305 9932 9054 11116 8416 7860 9558 9370 9758 8889 8059 9271 8686 8817 9724 9272 9001 9263 8999 9883 9126 10172 8995 9615 8888 9667 9005 9224 9323 8509 8426 8308 10045 9708 10543 9972 8955 7806 9172 9924 9457 10730 7690 9203 9109 8218 8374 9043 8260 9071 8818 8769 8053 9161 10118 9996 9151 8793 10849 8455 10426 9996 9707 10357 9833 9876 9249 10489 9987 8744 8781 9541 8789 9078 8774 8494 9694 7973 9558 8844 10180 9397 9508 10007 9495 10473 9177 8492 10095 9467 9799 8528 9228 8896 10653 8967 8960 9121 9955 0 0 0 0 0 0 0 0 0 0 0 0 0 0 0 0 0 0 0 0 0 0 0 0 0 0 0 0 0 0 0 0 0 0 0 0 0 0 
8685 8165 7391 7458 8004 8505 8143 8146 7316 6769 7403 7360 8270 8450 7720 7236 9782 6877 6966 8306 7633 8077 7645 6675 8217 7205 8193 8047 7894 7267 7880 7603 7788 8028 8216 8428 7790 7222 7447 8250 7633 7848 7681 7681 7803 8869 8267 8106 8586 7437 6397 7634 8084 8314 8801 7437 7903 7912 7749 7715 7477 7760 8785 8178 7578 7664 8541 8873 8385 7324 7307 9184 7171 8324 8906 7806 7826 7873 8660 7315 8861 7729 7029 6875 7697 8288 7747 7760 7194 7959 6378 8261 8014 8460 8476 8208 8330 7962 8784 7402 8109 8124 8191 8626 7457 7463 7332 8340 7678 7628 7876 7502 0 0 0 0 0 0 0 0 0 0 0 0 0 0 0 0 0 0 0 0 0 0 0 0 0 0 0 0 0 0 0 0 0 0 0 0 0 0 
9111 9802 8737 9006 9531 9758 9138 9109 8410 8097 9146 8881 8473 9315 8671 9097 10267 8110 8173 8723 8635 8630 8148 8025 9241 8235 9242 8088 9311 8304 9518 9079 8572 9137 9778 9360 9044 9497 8560 9901 8542 8789 8145 8188 8670 10017 9534 9031 9169 7654 8369 8760 9186 9536 10200 8172 8801 8359 9160 8223 8578 9534 9429 8723 8398 8764 8826 9346 8931 8818 8895 9884 8788 9325 9377 9345 9046 9038 9669 9018 9090 8664 8520 8463 8857 9772 8231 8788 8828 8836 7244 9341 8590 9700 9176 9309 8876 8376 9704 8326 8732 9105 9516 9290 8064 8960 8597 9932 8812 8524 9591 9531 0 0 0 0 0 0 0 0 0 0 0 0 0 0 0 0 0 0 0 0 0 0 0 0 0 0 0 0 0 0 0 0 0 0 0 0 0 0 
9250 8872 8516 9953 9144 9454 8571 9173 8445 7619 9317 8734 10253 8632 9076 9153 10903 7862 7572 9466 8845 9774 8226 8007 9392 8141 8670 8580 8752 8518 8605 8437 8816 8253 9376 8893 9226 9081 8764 8733 8829 8651 7848 8189 8166 10025 8933 9737 9957 8545 8148 9102 9294 9354 10135 8324 8696 8246 9056 8455 8243 8265 9074 8632 8990 8513 9043 9565 9218 8579 7686 10051 8981 9188 9351 8554 9235 9394 9885 8505 9390 9243 7803 8204 8689 9491 8812 8391 8743 9753 7687 9709 8271 9625 8694 8504 8857 9473 9811 8548 8094 9891 9024 10112 8021 9228 8186 10188 8648 8194 9534 9431 0 0 0 0 0 0 0 0 0 0 0 0 0 0 0 0 0 0 0 0 0 0 0 0 0 0 0 0 0 0 0 0 0 0 0 0 0 0 
9643 10030 9104 9733 9189 9999 9064 9206 8806 8156 9498 9638 9472 10075 9167 8533 10341 8527 7689 10130 9496 9766 8364 8167 9974 8467 9350 9138 8783 9550 9704 8907 9836 8601 9573 9565 9506 9055 9099 9835 9105 8867 8332 8805 8134 10665 9188 9980 10460 8396 7876 8687 9715 9732 10683 8159 9261 8908 9368 9483 8458 9577 9500 9374 8794 8910 8955 9649 9473 9424 8841 10549 8819 10444 10257 9794 10019 9701 10063 9400 9573 9137 8583 8797 9212 9610 9733 8801 8892 9197 7755 9976 9646 10458 10206 9557 9321 10033 10288 9491 8607 10218 9691 10348 8470 8456 8837 10593 9199 9419 10012 9393 0 0 0 0 0 0 0 0 0 0 0 0 0 0 0 0 0 0 0 0 0 0 0 0 0 0 0 0 0 0 0 0 0 0 0 0 0 0 
9266 8708 8129 9237 8954 8329 8912 8949 7901 7383 8187 9318 8678 9015 9110 8152 9683 7699 7456 9046 8708 9002 7284 7361 9331 7409 9214 8401 8634 8009 8768 8410 8931 9146 8771 9242 8608 8143 8602 9405 8325 8881 8086 8573 8473 9304 8574 9163 8858 7896 7556 8642 8603 8632 9922 8315 9176 8686 8189 8134 8440 8379 9198 8355 7885 8392 8885 9372 8764 8552 8057 9790 7703 9466 9117 9016 9563 9081 10092 8199 9233 8531 8497 7820 8683 9126 8855 8475 8296 8830 7441 8780 8621 9673 8723 9343 8799 8931 9743 7999 8494 9443 9611 8987 7802 8139 9144 9758 9079 8685 9103 8641 0 0 0 0 0 0 0 0 0 0 0 0 0 0 0 0 0 0 0 0 0 0 0 0 0 0 0 0 0 0 0 0 0 0 0 0 0 0 
10797 11947 11031 10748 11004 10866 10649 10786 10568 9922 11392 10485 11055 10969 10564 10507 12497 9501 9211 11014 11069 11269 10267 10503 10975 9866 10556 10923 10935 10307 10933 10532 10742 11104 11139 10653 11501 10623 11178 11309 10360 10482 10234 9998 10010 11675 10726 10956 10445 10117 9759 10573 11254 11272 12493 10024 10460 10237 10235 10628 10027 10896 11150 11042 9589 9786 10269 11338 10533 10404 9767 12166 9948 11634 11167 11090 11696 11622 11139 11097 12054 11302 11132 10359 11211 10791 10529 10972 10061 11554 9369 12011 10445 11080 11896 11087 11141 10536 11706 10382 10327 11244 11572 11141 9401 10373 10331 12370 10892 10532 11024 11533 0 0 0 0 0 0 0 0 0 0 0 0 0 0 0 0 0 0 0 0 0 0 0 0 0 0 0 0 0 0 0 0 0 0 0 0 0 0 
9881 10595 9773 9895 9722 10188 9273 9857 8659 8687 9353 9781 9711 10233 9261 9066 11043 8548 9264 9774 10706 10467 8337 8487 9783 9319 9415 9306 9063 9136 10191 9801 10191 9800 9744 9633 9744 9630 10547 10242 9436 9980 9221 9112 8801 10792 10047 10570 10112 8870 8611 9993 10257 10385 11486 9062 9395 9619 9577 9267 8450 9746 9555 9856 9765 9164 9434 11024 10164 9184 9025 10904 8749 10748 9841 10006 10625 10838 10547 9616 10621 9611 8972 9166 9609 10413 9586 9618 9571 9452 8236 10060 8955 9874 10865 9937 9415 10539 10447 9522 9736 9929 10481 11086 8787 9807 9550 10651 10089 9550 9880 10192 0 0 0 0 0 0 0 0 0 0 0 0 0 0 0 0 0 0 0 0 0 0 0 0 0 0 0 0 0 0 0 0 0 0 0 0 0 0 
9425 10473 8728 9089 10611 9672 9721 10114 8741 8431 9067 9567 9781 10996 9549 9042 11470 8263 8813 9755 9044 9989 8724 8383 9331 8882 9364 9288 9115 8779 9961 9512 9819 9855 9807 10240 9435 9336 9556 9939 8910 10388 9430 8910 8985 10495 9531 10165 10093 9139 8272 9571 10043 9985 11085 8810 9219 9425 9093 8957 9308 9344 9917 9519 9130 9159 9613 10513 10370 9624 9015 10089 9252 10615 10893 10104 10232 9895 10361 8895 9981 9345 8828 8429 9863 9827 9376 9427 9261 9622 7790 9921 9365 10029 10466 9947 8871 9189 10856 9246 9518 9619 10284 10462 8203 9080 9688 10546 10582 9089 9495 9841 0 0 0 0 0 0 0 0 0 0 0 0 0 0 0 0 0 0 0 0 0 0 0 0 0 0 0 0 0 0 0 0 0 0 0 0 0 0 
9488 10258 9130 9762 9348 10213 9322 9852 9183 8587 9641 9469 9368 9533 9091 9713 10851 8687 8634 9862 9599 9762 8628 8432 9977 8867 9144 8888 9548 9164 10047 9192 9196 9915 9993 9878 9612 9839 10172 10141 9388 9462 8702 8851 9137 10603 9641 9823 9847 8613 8649 9415 10073 9774 11306 8838 8836 9333 8688 9190 8610 10270 9913 9307 8866 9334 8907 10280 9521 9236 8576 10679 8611 10469 9941 10615 10357 10094 10255 10098 10291 9827 9014 9427 9623 9736 9181 9191 9169 9349 8126 9868 9409 9457 10419 9437 9845 9682 10621 9902 9396 10675 10350 9862 8648 10595 9294 10590 9965 9143 9885 9728 0 0 0 0 0 0 0 0 0 0 0 0 0 0 0 0 0 0 0 0 0 0 0 0 0 0 0 0 0 0 0 0 0 0 0 0 0 0 
9704 9433 8478 9423 8842 9542 9075 9078 8357 8080 8499 8785 9709 8912 9165 8456 10958 8290 8257 9226 9383 9088 7995 8120 9557 8314 8382 8424 8582 8305 8306 8854 8885 9392 9564 8830 8856 8731 8943 9203 8910 9223 8146 9013 8208 9660 9387 9771 9800 8089 8250 8779 9394 9668 10921 8370 8425 9230 8529 8506 8204 8742 9432 8752 7555 9332 9135 10167 8970 8888 8194 10058 8691 9409 9362 9493 9183 9218 9263 8908 8891 8982 8207 8026 9376 9389 8865 8772 8296 9363 7662 9008 8317 9213 9072 9393 9352 9115 9934 8919 8651 9727 9330 9566 8747 9336 8745 10102 8706 8466 9721 9145 0 0 0 0 0 0 0 0 0 0 0 0 0 0 0 0 0 0 0 0 0 0 0 0 0 0 0 0 0 0 0 0 0 0 0 0 0 0 
9233 9159 8978 8960 10028 8959 9554 9181 7585 8119 8067 8666 8787 9572 8896 8616 10119 8609 8350 9401 9340 9092 8340 8363 9321 8366 8970 9258 9017 7846 9266 8571 9786 9642 9630 9507 9637 8560 9634 9700 8260 10130 7662 8164 8455 10011 8772 9501 9837 8355 7243 8842 9717 9390 9771 7474 9350 8624 9012 9013 8493 9018 9246 9242 8150 8172 9089 10313 9805 8553 8059 9690 8825 9924 9077 8926 9953 9710 9708 9048 9947 9722 8773 8855 8823 9817 9195 8775 8715 8438 7822 9731 8473 9558 10069 8981 9250 9008 10651 8879 8852 9054 10400 10026 8269 9815 9405 10606 9261 8747 9177 10470 0 0 0 0 0 0 0 0 0 0 0 0 0 0 0 0 0 0 0 0 0 0 0 0 0 0 0 0 0 0 0 0 0 0 0 0 0 0 
9196 9518 9443 9101 9356 8997 9584 8537 8123 8284 9152 8730 9885 9094 9578 8965 10081 8043 7601 9518 10064 9493 8661 8747 9085 8171 9279 9561 9127 8661 8831 8649 8923 9671 9411 9256 9371 8990 8919 9298 8707 9054 8859 8811 8952 9487 8991 10200 9462 8485 7725 8982 9273 9462 10393 8797 9079 8887 8779 8672 7955 8527 9467 8858 8579 8383 8641 9864 9225 8543 8483 10477 8567 9352 9637 9102 10381 9482 10092 9113 9974 9017 8709 8637 9119 9102 9088 9157 8156 9269 8444 10030 9276 10411 8865 9816 9397 9522 9683 8113 8834 9732 9559 9832 8133 9030 9045 10309 9122 9416 9658 9009 0 0 0 0 0 0 0 0 0 0 0 0 0 0 0 0 0 0 0 0 0 0 0 0 0 0 0 0 0 0 0 0 0 0 0 0 0 0 
9507 9746 9175 8762 9597 8721 9212 9378 8005 7928 9182 9079 9576 9387 9726 9053 10342 8034 8021 9560 9151 9993 8288 8158 9589 8508 9556 8952 9668 8310 9305 9276 9635 9274 9460 9512 8798 9300 9219 10036 8918 9306 9489 8523 8723 9656 9440 9382 9377 8755 8142 9177 9918 9431 10269 8472 9172 8839 8274 8829 8758 9431 9198 9515 8940 8356 9515 9870 9981 8787 8656 10208 8261 10306 10052 9721 10139 9060 9800 8997 10409 9489 8976 7913 9105 9539 9248 8896 7775 9053 7793 9621 9636 9552 9481 10041 9608 9126 10228 8677 8436 9493 10133 9760 8485 7965 9282 10018 9500 9023 9242 9110 0 0 0 0 0 0 0 0 0 0 0 0 0 0 0 0 0 0 0 0 0 0 0 0 0 0 0 0 0 0 0 0 0 0 0 0 0 0 
8771 9034 8385 8365 9436 8062 9649 8669 7895 7950 8742 8678 9151 8896 8843 8411 9636 7323 7724 9049 9391 9033 7637 7783 8785 8198 8807 8011 8626 7738 8880 8459 7875 8243 8260 9482 8269 8953 8635 8548 9142 8447 8758 8441 8415 9044 8941 9198 8741 8113 8509 8582 8403 9369 9840 8151 8604 8057 8196 8022 7267 9140 8057 8443 8287 7579 8534 8625 8462 8597 8208 10338 7177 8984 8801 8267 9316 8901 9675 7895 9623 8818 8357 8557 8652 8910 8224 8968 8013 9001 7593 9527 9038 8750 8988 8658 9433 8182 9468 8271 8380 8393 8332 8946 7009 8167 8975 9938 8602 8208 9273 8922 0 0 0 0 0 0 0 0 0 0 0 0 0 0 0 0 0 0 0 0 0 0 0 0 0 0 0 0 0 0 0 0 0 0 0 0 0 0 
9006 9839 8792 8109 8866 8696 8919 8161 7515 7466 8100 8261 8256 8908 8239 7734 9714 8098 8236 8960 8630 8721 7406 7911 8230 8075 8398 8311 9113 7477 8784 8824 8399 8880 9183 8630 8515 8131 8761 9016 8019 9495 7986 7227 8155 9537 8900 8919 9043 7414 7597 8756 9238 9048 10107 7628 8158 7811 8246 8611 8199 8796 8983 8986 7687 8457 8754 9204 8886 8259 7454 9338 8063 9292 8573 9170 9536 8585 8456 8845 8806 9015 8015 8414 8951 9144 7964 8894 8328 8590 7689 9134 8387 8627 8999 9592 8504 8545 9998 7895 8220 8886 9557 8842 8020 9138 8224 9852 8944 8568 8988 9320 0 0 0 0 0 0 0 0 0 0 0 0 0 0 0 0 0 0 0 0 0 0 0 0 0 0 0 0 0 0 0 0 0 0 0 0 0 0 
9069 8668 8285 8713 8563 8982 9095 8532 7915 7284 8668 8537 8942 9120 8585 8221 9531 7532 7902 8735 8406 8974 7294 6803 8462 8742 7342 8087 8372 8778 8579 7642 9052 8418 8686 8437 8001 8861 8409 8648 8305 9005 8369 8387 8371 9452 9327 10054 9609 7862 7626 7809 9589 8786 10131 7528 8061 8297 8194 8077 7881 8640 9046 8549 8657 7680 8350 8952 8575 8683 8280 10301 7940 8800 9436 8752 9505 9078 9320 8627 9034 8606 8331 8439 8749 8346 8732 9151 8227 8946 7442 9223 8838 9313 8901 7885 8583 8634 9906 8939 8139 9194 8803 9398 7826 8574 8564 9897 8454 8555 8926 8660 0 0 0 0 0 0 0 0 0 0 0 0 0 0 0 0 0 0 0 0 0 0 0 0 0 0 0 0 0 0 0 0 0 0 0 0 0 0 
9523 9480 8746 9338 9846 9309 9124 9321 8518 8306 9129 9049 9279 9731 9459 8820 10542 7771 8345 9394 9188 9392 8636 7791 9892 9066 8648 8910 9639 8292 8945 9040 9461 9000 10001 8950 9348 9230 9014 9566 8746 8704 9052 8328 9077 9874 9386 9396 9513 8891 8324 8675 9902 9580 10928 8966 9443 8845 8465 8801 8479 9032 10283 9068 9012 8847 9321 9668 10132 9210 8632 10523 8395 9918 9973 9929 9642 9260 9220 9230 9984 9181 8328 8176 9360 9388 8602 8885 8581 9328 7390 9972 9203 9486 9863 9697 9279 9402 9411 8899 8978 9399 9298 10451 7855 9315 8608 9835 9579 8527 9428 9336 0 0 0 0 0 0 0 0 0 0 0 0 0 0 0 0 0 0 0 0 0 0 0 0 0 0 0 0 0 0 0 0 0 0 0 0 0 0 
8703 10219 9378 9158 10156 9474 9530 8642 8640 7664 9354 9069 9561 10410 9134 8545 10763 8246 8318 9252 9366 9017 8321 8532 9257 8494 8942 9356 9108 8703 9254 8981 9032 9781 9108 9326 9036 8945 9656 9476 8989 9532 8724 9181 8934 10098 9477 9896 9777 7854 8177 8950 9570 10291 10442 8573 9709 8614 9393 9296 8451 9292 9461 9120 8140 8583 9262 9688 8941 9435 8919 10350 8462 9538 9343 9431 10375 9734 10182 9569 9827 9828 9244 8930 9271 10231 9739 9519 9202 9822 7989 9620 8915 10169 10242 9804 9462 9255 10039 9256 9187 9325 9669 9761 8353 8949 8958 10945 9623 8943 10142 10230 0 0 0 0 0 0 0 0 0 0 0 0 0 0 0 0 0 0 0 0 0 0 0 0 0 0 0 0 0 0 0 0 0 0 0 0 0 0 
9493 8893 8961 9319 9904 9574 9530 9516 7937 8470 9104 9712 9882 9712 9425 9070 11139 8324 8739 9728 9269 9804 8937 7394 10047 8574 9023 9517 9697 8511 9405 8702 9487 9286 10225 9827 9184 9122 9264 10010 9026 9829 8987 9124 9226 9565 9351 10020 9480 8861 8130 9241 9928 10340 10551 8382 9514 8924 9247 9275 8767 8998 9460 9452 8654 8922 9242 9828 9527 8901 8790 10577 8387 9875 10248 9521 9861 10196 10249 9380 10593 9926 8157 8824 9465 10235 8877 8719 8649 9682 8059 9806 9355 9682 10129 9805 9938 9097 10320 8560 8966 9847 9545 10120 8274 8883 8706 10544 9108 9102 9863 9308 0 0 0 0 0 0 0 0 0 0 0 0 0 0 0 0 0 0 0 0 0 0 0 0 0 0 0 0 0 0 0 0 0 0 0 0 0 0 
9821 9640 8992 8959 9990 9705 9854 9294 8938 8641 9608 9226 9750 9578 9483 9397 11495 8741 8066 9377 9874 9611 9141 8566 9643 8547 8935 9309 9386 8786 9710 8599 9176 9815 9857 9450 9865 9491 8991 9414 8957 9671 8949 9228 9606 10743 9762 9834 9449 8682 8315 9829 9493 10345 10525 8893 8525 9343 9501 9030 8192 9737 9642 9060 9040 9556 8701 9709 9532 9096 8742 10914 8893 9344 9941 9762 9734 9908 10192 9298 10480 8667 8831 8949 9688 10327 8402 9702 9078 9545 8273 10477 9123 10310 10955 9667 9519 9263 10526 8461 9395 9783 9960 10077 8390 9478 9215 9735 9494 9505 9182 10011 0 0 0 0 0 0 0 0 0 0 0 0 0 0 0 0 0 0 0 0 0 0 0 0 0 0 0 0 0 0 0 0 0 0 0 0 0 0 
9475 9070 8775 8909 9781 9709 9256 9174 8467 7757 8948 8726 8935 9705 8728 8783 10911 7589 7933 9287 9081 9168 8249 7958 9731 8638 8800 8746 8460 8633 9179 8468 8755 9373 9030 9273 9019 8431 9377 9391 8765 9308 8306 8469 8246 9651 8714 9391 9773 7677 8055 8838 9340 9903 10413 8438 9557 8830 8934 8811 8579 9069 9932 8988 8506 8403 9222 9790 9059 8743 8135 9849 8413 9573 9315 9042 9980 9318 9733 8965 9668 9072 8395 8570 9063 9513 9348 8690 8791 8853 6989 9231 8745 9730 9522 8908 9598 9754 9650 9269 9261 8672 9163 9812 8072 9573 8978 10304 9083 8420 9230 9437 0 0 0 0 0 0 0 0 0 0 0 0 0 0 0 0 0 0 0 0 0 0 0 0 0 0 0 0 0 0 0 0 0 0 0 0 0 0 
9907 9901 9593 9540 10796 10408 10134 9475 9066 9360 9714 9955 10554 10745 10152 9462 11474 8545 8649 10156 10140 9978 9673 9164 10288 8778 9147 9795 10099 9380 9749 9500 9840 10030 10959 10018 10244 9616 9778 9950 10032 9798 9139 9511 9699 10134 9113 10548 9941 9278 8764 9580 10358 10808 11036 8764 9132 9537 9394 8978 9529 9414 10006 9755 8828 9415 9381 11395 9626 9609 9512 10948 9306 10615 10726 10384 10888 10168 9911 9490 10824 10130 9376 8876 9891 10079 9246 10392 8873 9896 8161 11004 9713 10501 10968 9921 9759 9115 10699 9228 9706 9986 10056 10551 8791 8853 9878 11079 10264 8992 10289 10505 0 0 0 0 0 0 0 0 0 0 0 0 0 0 0 0 0 0 0 0 0 0 0 0 0 0 0 0 0 0 0 0 0 0 0 0 0 0 
10065 10496 8840 9836 9878 10676 9904 9920 8461 8465 9548 9519 9187 10139 9408 8803 10715 8126 8798 9265 9290 9465 8366 8457 9417 8976 9431 8837 9140 8701 9816 9393 8726 9558 9575 9671 9696 9893 8894 9378 8669 9785 8651 9057 8539 10192 9713 10483 9844 8459 7876 9785 9950 9833 11322 8246 9458 9833 8753 8483 8751 9398 9948 9181 8958 9001 9394 9708 10218 9175 9369 10524 8629 9996 9757 10012 9434 9753 10371 9538 9755 9006 8695 9019 9388 9898 9081 9209 9254 9406 7713 9945 8980 10469 9560 9717 9928 9533 10114 8576 9503 9884 9987 9794 8384 9640 9509 9970 9136 9538 9646 9677 0 0 0 0 0 0 0 0 0 0 0 0 0 0 0 0 0 0 0 0 0 0 0 0 0 0 0 0 0 0 0 0 0 0 0 0 0 0 
8698 8898 7910 8110 8048 8599 8314 8393 7254 6894 7984 7896 9015 8192 8665 7993 9663 6947 7623 8280 8107 8354 7596 7789 8301 8371 7773 8094 7797 7862 8406 8452 7758 8318 8153 8672 7816 8480 8607 8622 7663 8783 7728 8489 7053 9503 9435 9159 9069 7754 7007 8172 8601 7967 9902 7866 7717 8461 8325 8380 7115 8722 8251 8162 8303 8404 8567 8840 7864 7870 7534 8976 7441 8793 8498 8666 9289 8493 8565 7946 8772 8304 7792 8483 8666 8675 8774 8510 7861 8253 7394 8321 7648 8489 9114 9117 8024 8771 8878 7846 8009 8560 9031 8607 7199 7883 8539 9003 8889 7771 8658 8641 0 0 0 0 0 0 0 0 0 0 0 0 0 0 0 0 0 0 0 0 0 0 0 0 0 0 0 0 0 0 0 0 0 0 0 0 0 0 
9620 9510 8638 9542 9222 9253 9397 9012 8000 7962 8927 9582 9045 9212 8623 8031 10326 7976 7747 9106 9108 8727 8213 7916 8825 7830 8605 9087 8484 8005 8589 8893 8751 9275 9787 9173 9286 9166 9062 8888 8749 8655 8298 8134 8654 10129 8630 9406 9447 7970 7049 9644 9571 9191 9829 8199 9507 8972 8502 8573 7916 9121 9317 8456 7933 7788 8965 9648 9033 8056 8394 9871 7961 9222 9243 8906 9282 9872 9704 9303 9775 8478 8461 8673 8830 8884 8586 8391 8601 8639 7586 9651 8398 9711 9585 9556 9050 8819 9644 8073 8529 9752 9349 9349 8389 9136 8788 10298 9268 8050 8777 9127 0 0 0 0 0 0 0 0 0 0 0 0 0 0 0 0 0 0 0 0 0 0 0 0 0 0 0 0 0 0 0 0 0 0 0 0 0 0 
10667 10169 9765 10687 9802 10279 10013 9827 8554 8115 10001 9294 10097 10261 10275 9775 11692 8285 8813 10218 9920 10550 9143 9110 10410 9668 9614 9961 9261 9225 10238 10106 9923 10798 10064 9953 10403 9419 10566 10009 9418 10435 9721 9222 9251 10924 10484 11100 10283 8918 8546 10528 10405 10656 11357 8962 9868 10129 9647 9039 8710 9598 10213 10219 9309 9644 9603 11244 9622 8848 9635 11317 9393 10883 10030 10151 10694 10192 10446 10107 11000 10026 9681 9327 9912 10723 10593 10347 9002 10005 8751 10425 9868 10650 11120 10274 10478 10411 11317 9794 9948 10724 10515 11539 8330 10138 10160 11162 10107 9636 10145 10400 0 0 0 0 0 0 0 0 0 0 0 0 0 0 0 0 0 0 0 0 0 0 0 0 0 0 0 0 0 0 0 0 0 0 0 0 0 0 
7160 7400 7197 7202 7726 7755 7807 7574 6906 7001 7195 7210 8057 8067 7969 7258 8901 6065 6521 7464 7040 7325 6833 6219 7239 6899 7137 7732 7783 7106 6386 6775 8170 7222 7724 7469 7593 6955 7032 7582 7004 7859 6612 7446 6730 8330 7301 8017 7983 6567 5862 7034 8053 7625 8570 6214 6596 7538 6844 7067 6751 6345 7919 7474 6904 7123 7161 8016 7155 7175 6828 8248 6914 7843 8050 7413 7795 7517 7891 6589 8148 6882 7348 6712 7810 7082 7604 7305 7044 7292 6659 6912 7007 6807 8113 7936 7758 7694 8061 6645 6449 7696 7672 7472 6890 6844 7278 8463 7279 7194 7299 7535 0 0 0 0 0 0 0 0 0 0 0 0 0 0 0 0 0 0 0 0 0 0 0 0 0 0 0 0 0 0 0 0 0 0 0 0 0 0 
7603 8331 8053 8121 8351 7810 7689 8151 7602 7365 7908 8158 7980 8679 8109 7561 9542 7511 7246 8574 8378 8109 8325 7403 8281 7570 7589 7946 7896 7379 8967 7738 8107 8032 8590 8665 8032 7928 7681 8701 7776 8432 8568 7617 8366 8834 8052 8431 7952 7680 7397 8232 8481 8306 9262 7717 7839 7334 7959 8237 7050 7770 8229 8853 6934 7907 8138 8797 8091 8331 7550 8557 7991 8623 9251 8646 8844 8475 8790 7991 8533 8647 7584 7264 7790 8473 8175 8201 7681 8217 7043 8932 7886 8571 8812 8658 7845 7740 9690 7924 8203 8367 8880 9349 7290 7534 8023 9693 8788 7286 8377 8273 0 0 0 0 0 0 0 0 0 0 0 0 0 0 0 0 0 0 0 0 0 0 0 0 0 0 0 0 0 0 0 0 0 0 0 0 0 0 
8308 8862 7437 8250 8178 8436 8339 8435 7425 6959 7726 8008 8374 8530 8184 8251 9821 7223 7999 8358 7483 8569 7606 7320 7726 7825 7648 7846 8516 7720 8652 8663 7904 8159 8911 7857 7965 8413 8418 8618 8262 8651 7619 7761 7800 8961 8731 9093 8708 8062 7248 8198 9130 9097 9678 7498 8000 7885 7500 7802 7586 7870 8705 8710 8066 7887 8601 8829 8820 8199 7346 9789 8124 8896 8736 8365 9062 8065 8652 8286 8383 8557 7461 7834 8366 8298 7723 8258 7678 8688 6813 8650 8440 8699 8009 8612 8489 7947 9169 7586 7923 8711 8733 8650 7485 8990 7844 8593 8262 7867 8725 8406 0 0 0 0 0 0 0 0 0 0 0 0 0 0 0 0 0 0 0 0 0 0 0 0 0 0 0 0 0 0 0 0 0 0 0 0 0 0 
9366 9367 8763 8954 9770 8862 8756 9199 8478 7696 8322 8593 8137 9469 8415 8770 10086 7711 7582 9362 9176 8800 7506 8254 9576 7859 8258 7871 9279 8539 8593 8696 8061 9064 9001 8584 9040 8324 9418 9597 8231 8907 7844 7700 8600 10235 8807 8741 8115 7477 8196 8839 9863 10377 9152 8254 9231 8553 8622 8556 8058 8707 9431 8678 7434 7785 8495 9379 8399 8467 8014 10470 8430 8770 8589 8385 9439 9404 9187 8665 9340 8815 9122 8839 8794 9786 8288 8786 8238 8700 7098 9830 8411 8993 9725 8803 9121 8639 9804 8496 8680 9090 9320 9646 8176 8987 9256 10168 9047 8227 8469 9580 0 0 0 0 0 0 0 0 0 0 0 0 0 0 0 0 0 0 0 0 0 0 0 0 0 0 0 0 0 0 0 0 0 0 0 0 0 0 
8504 7934 7966 8070 7529 9040 7626 8091 6764 7371 8216 7986 8401 8488 7935 7642 9202 7655 7515 8423 8408 8321 8023 6459 8827 8370 7238 8079 8154 7502 8092 7536 8537 8459 8257 7756 8112 7624 8657 8558 7314 8625 8477 7348 7708 8650 7985 8803 8597 7484 7090 7965 8700 8306 9178 6881 8517 7808 8338 8453 7342 7813 7932 8824 7602 7600 8172 9146 8696 8104 7438 9082 7216 9133 9264 8336 8896 8626 8519 8134 8532 8631 7411 7428 8148 8781 8247 7547 7418 8444 6922 8617 7884 8958 8849 8577 7930 8590 9366 8408 7687 8643 8458 9057 7762 8321 7479 9599 8180 7658 8920 8766 0 0 0 0 0 0 0 0 0 0 0 0 0 0 0 0 0 0 0 0 0 0 0 0 0 0 0 0 0 0 0 0 0 0 0 0 0 0 
10477 10586 9825 9780 9705 10305 10162 9748 8760 8938 10751 9598 10136 10151 10037 9580 10828 8131 8468 9891 10026 10403 8839 9348 10343 9838 10027 9504 10200 9363 9737 9795 9831 9983 10201 9951 9737 9578 9547 10218 9701 9630 9074 9647 9275 11452 10069 10403 10292 8554 8927 9371 10119 9733 11744 8760 9157 9695 9977 9264 9024 10083 10497 10128 9761 9854 9649 10664 9603 10130 9564 11297 9156 10769 10368 10804 10563 10018 10295 9675 10352 9895 9933 9186 10064 10184 10215 9946 9549 10149 8637 10226 9974 10161 10648 10228 10064 9617 10740 9279 9513 10234 10774 10343 8948 9341 9566 10896 10318 9358 9960 10317 0 0 0 0 0 0 0 0 0 0 0 0 0 0 0 0 0 0 0 0 0 0 0 0 0 0 0 0 0 0 0 0 0 0 0 0 0 0 
9055 9130 8638 8109 8706 8661 8711 8540 7843 8045 8867 8807 8513 9068 8574 8182 9503 7403 7691 8471 8765 9039 8205 7904 8851 8441 8394 8587 9016 7826 8494 8725 8966 8619 8958 8996 8116 7969 8849 9017 7778 8168 8308 8067 8163 8736 8812 8796 8647 8197 7466 8359 8931 8308 9342 8267 8438 8566 8577 7801 8267 8586 8662 8312 8589 8344 8496 9827 8879 7831 7918 9840 7497 9363 8588 9269 9466 8873 9061 8864 9840 8937 8063 7712 8833 9589 8012 8478 8173 8345 7316 9123 8631 8940 9450 8690 8631 8490 9565 8112 8506 8930 9566 8992 7715 8357 7992 9313 8977 7873 8612 9046 0 0 0 0 0 0 0 0 0 0 0 0 0 0 0 0 0 0 0 0 0 0 0 0 0 0 0 0 0 0 0 0 0 0 0 0 0 0 
10015 9289 9073 9476 9291 10441 9582 9386 8652 8498 9161 9139 10071 9769 9356 8955 11312 8318 8697 9995 8929 9314 9530 8364 9893 9481 9511 10440 9653 8898 9325 9234 9824 9767 9498 10374 9139 9197 9947 9600 8752 10027 9238 8905 8415 10129 9971 10351 10239 9183 8132 9988 10296 9693 11088 9047 9534 8956 9369 9465 8672 9107 9488 9319 9053 8993 9622 9775 9488 9281 9065 10780 8649 9990 10612 9869 10820 9550 9616 9126 10503 9729 8386 8601 9428 9598 9018 9071 8802 9245 8219 9450 9829 9717 9767 10335 9808 9183 10176 9473 8599 9250 9800 10191 8712 9275 9053 11343 9220 8564 9910 9396 0 0 0 0 0 0 0 0 0 0 0 0 0 0 0 0 0 0 0 0 0 0 0 0 0 0 0 0 0 0 0 0 0 0 0 0 0 0 
10020 9706 8834 9429 8675 9745 9316 9797 8007 8010 8872 9284 9571 8746 8898 8435 10564 7646 8140 9172 8881 9547 7528 8310 9253 8690 8481 8573 8940 8405 8664 9205 8697 9255 8939 9257 9283 8429 8986 9515 8461 9018 7835 8616 8337 10688 9389 10276 9855 8036 7604 9214 9909 9406 9824 8044 8916 9146 8791 8454 8335 8231 9761 9260 8637 8570 9486 10181 9534 8551 8204 10600 8748 8977 9202 9346 9814 9435 9961 9386 9766 8913 8829 8597 8627 9024 9252 8635 8314 8844 7513 9171 8655 9551 9544 9520 9427 9635 10269 8533 8845 10008 9926 9901 8985 9236 8788 9900 8972 9202 9076 9092 0 0 0 0 0 0 0 0 0 0 0 0 0 0 0 0 0 0 0 0 0 0 0 0 0 0 0 0 0 0 0 0 0 0 0 0 0 0 
10073 10263 10179 9566 9384 10171 10096 9814 8728 8417 10307 10068 10255 10144 9641 9545 11552 8138 8517 9996 9634 10496 9124 8988 9230 9188 9550 9847 9533 9286 10178 10251 9465 10289 9736 10329 9086 9204 10249 10071 9528 9483 9480 9030 9005 10653 10398 10643 10610 9076 8744 9692 10140 10215 11284 9150 9886 10115 10150 9603 8979 9664 9398 10005 9828 9214 9245 10301 9462 9378 8882 10767 9171 10132 10429 10278 11347 10013 10892 10388 10664 9930 9938 9269 9965 10007 10148 9638 9121 9936 8384 11225 10133 10807 10957 9901 9907 9520 11012 9919 9347 10627 10395 10685 8576 9221 9523 10975 10184 9674 9921 9847 0 0 0 0 0 0 0 0 0 0 0 0 0 0 0 0 0 0 0 0 0 0 0 0 0 0 0 0 0 0 0 0 0 0 0 0 0 0 
9089 9836 9195 8754 9488 9970 8460 9251 8272 7797 8749 8858 9336 9510 9257 8797 10413 8122 8289 9334 9038 10006 7605 8257 9683 8510 8983 9061 8885 8647 8852 8622 9342 9587 9583 9241 9331 8684 9652 9606 8759 9679 8399 9047 8190 10632 8961 9642 9528 8070 7894 9003 10146 10502 10462 8506 8926 8880 8812 9102 8480 8973 9750 9608 8334 9048 8980 10353 8991 9193 9095 10832 8120 9784 9685 9649 9929 10059 9900 9266 9920 9098 9270 8428 9356 9723 9287 8777 8391 9088 7511 9480 9141 9167 10317 9486 9555 9016 9586 9219 8776 9641 10341 10024 9294 8977 8976 9974 9397 9393 9191 8841 0 0 0 0 0 0 0 0 0 0 0 0 0 0 0 0 0 0 0 0 0 0 0 0 0 0 0 0 0 0 0 0 0 0 0 0 0 0 
9699 9381 8508 8762 9003 8741 8801 8182 7722 7533 8644 8706 8751 8830 8519 8198 10041 7998 7654 8788 8995 9163 7977 8303 8377 7886 8165 8241 8177 8271 9255 7985 8772 8772 9147 8582 8537 8491 9051 9217 9064 8726 7978 7392 8206 9811 8367 9729 9460 7772 8005 8374 9129 9117 10097 8054 8067 8065 7945 8130 7402 9234 8871 7961 8223 7694 8374 9140 8537 8591 8298 9639 8342 9029 9546 9009 9299 8725 9171 8782 9108 8599 8060 7977 8868 8897 8217 8558 7807 8620 8078 9716 9058 9389 8996 8596 8383 8734 9471 8453 8250 9168 8926 9578 7682 8466 8392 9244 9034 8081 9189 8565 0 0 0 0 0 0 0 0 0 0 0 0 0 0 0 0 0 0 0 0 0 0 0 0 0 0 0 0 0 0 0 0 0 0 0 0 0 0 
7971 9102 8032 8927 8804 8469 8348 8250 7392 7234 8337 8306 8592 9436 9032 8311 9374 8391 7531 9407 8382 8759 8119 7052 8798 8254 7721 8771 8799 7664 8712 7871 9032 9151 9347 8760 9389 8578 8676 9210 7727 9582 8279 7926 8680 9101 8267 9093 9051 7711 7287 8521 8666 8799 9785 8107 8545 8764 8541 8767 8582 8190 9479 9181 7755 8848 8542 9477 9437 8652 8142 8874 8478 9393 9478 9340 9288 8696 9427 8902 8937 8918 7537 7077 8978 9246 8742 8597 8578 8842 7313 9134 8700 9685 9053 8870 8309 8439 10129 8422 8533 9407 9455 9370 7888 8688 8465 9268 9442 8478 8975 8808 0 0 0 0 0 0 0 0 0 0 0 0 0 0 0 0 0 0 0 0 0 0 0 0 0 0 0 0 0 0 0 0 0 0 0 0 0 0 
8874 8892 8383 7665 8741 9601 8657 8457 8317 7383 8896 8616 8703 8797 8324 8013 10244 7333 7829 8182 8796 8754 7865 7293 9237 8297 8095 8470 8879 8541 8024 7922 7964 8464 8974 8298 8642 8250 8340 8428 7944 8618 8201 9033 7850 9110 8590 8798 9309 7767 7840 8148 8975 9013 9360 7598 7642 8261 7742 8121 8371 8354 8694 8722 7890 8573 8012 9279 8641 8374 8062 9786 7675 8887 9383 9277 9104 8975 8925 8191 9716 7945 7659 7789 9154 8360 8042 8902 7936 9104 7252 8914 8167 8649 9868 8487 8839 8525 9342 7674 8098 9243 8813 8993 8096 8193 7886 8957 8340 8592 8568 8394 0 0 0 0 0 0 0 0 0 0 0 0 0 0 0 0 0 0 0 0 0 0 0 0 0 0 0 0 0 0 0 0 0 0 0 0 0 0 
9513 9223 9039 8923 10008 9945 9532 8714 8514 8349 8698 9520 9625 9888 9435 8151 10753 8249 7989 9373 9751 9223 8681 7709 9534 8959 8811 9143 9168 8873 9593 9108 9390 9685 9658 9663 9353 9040 9281 9854 8558 9822 8942 8618 9230 10448 9953 9604 10039 8447 8377 8949 9424 9579 10802 8497 8768 9392 9551 8806 8584 9252 9655 9682 8596 9309 9034 10579 9151 9195 8462 10281 8613 9826 10147 9401 10975 9693 9572 9307 9679 9428 8902 9043 9319 9109 9107 9139 8953 9685 8098 10190 8773 9613 10144 9934 9086 9482 10272 8547 8869 9548 9796 9817 8539 8586 9663 10585 9062 8739 9740 9967 0 0 0 0 0 0 0 0 0 0 0 0 0 0 0 0 0 0 0 0 0 0 0 0 0 0 0 0 0 0 0 0 0 0 0 0 0 0 
9574 9703 9232 9306 9419 9185 9537 9412 8421 8022 8746 8937 10259 9604 9412 9013 10624 8560 8485 9319 9287 9963 9045 8113 9397 8626 8854 8473 8796 9089 9289 9023 9087 8522 9424 9977 9088 9048 9862 9437 8993 9484 8984 9230 8700 10366 9350 9984 9916 8677 8293 8966 9877 9632 10464 8151 8859 8974 8679 9244 8753 9021 9216 9313 9343 8383 9346 10321 8887 10075 8969 10632 8733 9733 9851 9158 10321 9724 10010 8901 9926 9094 8700 8511 9200 9582 9569 8724 8235 9691 7708 9819 9366 9350 10107 9488 9177 9728 10515 9039 8587 9338 10106 9312 8053 8679 8947 10379 9153 8317 9857 9487 0 0 0 0 0 0 0 0 0 0 0 0 0 0 0 0 0 0 0 0 0 0 0 0 0 0 0 0 0 0 0 0 0 0 0 0 0 0 
9572 9476 8929 9518 9500 9135 9332 8491 7936 7629 8865 9144 9574 9271 8517 8773 10351 7516 8229 8974 8908 9023 7527 7746 10119 8268 9028 8465 9282 8003 8540 8721 8664 9293 9187 9332 8884 8188 9050 9810 8477 8493 8182 8895 8635 9422 8893 9224 9267 7680 8118 8565 9707 9992 9577 8246 8495 8822 8323 8816 8168 8642 9548 9314 8413 9260 8728 9803 8651 8920 8010 10919 8035 9454 8647 9448 9400 8964 9301 8738 9366 9107 8327 8303 8759 9827 8946 8500 8128 9152 7775 9076 9134 9037 9716 9659 9284 9226 9766 8624 8647 9578 9085 9420 7621 8820 8524 9735 8967 9012 9536 9180 0 0 0 0 0 0 0 0 0 0 0 0 0 0 0 0 0 0 0 0 0 0 0 0 0 0 0 0 0 0 0 0 0 0 0 0 0 0 
9169 10836 9072 9422 9843 9509 9658 9354 8347 8114 9170 8811 10120 10020 10091 8726 10777 8559 8261 8981 9077 9330 8446 8669 9500 8883 9086 9380 9965 8025 9961 9749 8941 9536 9591 9723 9660 9887 9415 9747 9006 9301 9317 9132 8967 10253 9610 9765 9733 8685 8193 9682 9882 9390 10180 8550 9101 8793 8667 9020 8729 9492 9738 9807 8916 9366 9310 10434 9787 9321 9619 10544 8567 9684 9450 10087 10307 9759 9530 9446 9851 9285 9454 8314 9380 10185 9198 9847 9204 9130 8432 9736 8961 9888 9855 10003 9669 9456 10383 8967 9050 10256 10293 9973 8274 9182 8913 10606 9982 8481 9738 10203 0 0 0 0 0 0 0 0 0 0 0 0 0 0 0 0 0 0 0 0 0 0 0 0 0 0 0 0 0 0 0 0 0 0 0 0 0 0 
9796 10426 9883 9627 9941 10162 9506 9439 9007 8626 9508 9495 9589 9778 9332 9282 11532 9953 8633 9462 9728 10178 9228 8838 10085 9553 9042 9683 9692 8882 10643 10223 10070 10102 10489 10009 9833 9373 10161 10086 8838 9887 9060 8796 9547 10877 9796 9642 10409 9048 8515 9832 10224 9730 11327 8290 9236 9825 9006 9476 8630 9892 10199 10370 9171 9910 9109 11151 9627 9100 8476 10984 9365 10794 9525 10741 10616 9967 10403 10312 10326 9925 8762 8879 9495 10044 9266 10116 9341 9999 8092 9995 10124 10360 10743 10389 9530 9460 11140 8964 9349 10505 11033 9969 8410 10120 9905 10777 10296 9542 10388 10235 0 0 0 0 0 0 0 0 0 0 0 0 0 0 0 0 0 0 0 0 0 0 0 0 0 0 0 0 0 0 0 0 0 0 0 0 0 0 
7912 8544 7097 7849 8404 7733 8005 7485 7294 6545 7430 7152 7850 8380 7753 7130 9041 6624 6851 7387 7960 7972 6437 6973 7525 7137 7195 7118 7142 6917 7582 7434 7785 7627 7742 7517 7747 7865 7464 7889 6998 8044 7005 7309 7468 8432 7599 7723 8068 7569 6348 7533 8561 8259 9213 7244 6968 7511 6731 7709 7119 7676 8710 7688 7437 7601 7172 8473 7778 7397 6543 8876 6611 8690 8028 7702 8262 7931 7596 7267 8480 7661 7009 6783 7237 7773 7757 7319 7293 7587 5754 7843 7726 7541 8556 8280 7716 8200 7636 7441 7230 7541 8102 8417 6980 7138 7102 8460 7732 7569 8069 7831 0 0 0 0 0 0 0 0 0 0 0 0 0 0 0 0 0 0 0 0 0 0 0 0 0 0 0 0 0 0 0 0 0 0 0 0 0 0 
9484 9823 8887 9238 9621 9383 9056 9322 8788 7928 8547 8998 8704 9938 8484 8822 10185 8485 8342 9524 8914 9339 7928 7855 9499 8281 9094 8770 8975 8417 8874 8819 8794 9400 9027 9568 9321 9317 8896 9335 8409 9759 8514 8152 8727 10101 9010 9161 9160 8440 7556 8798 9921 9384 10375 8519 9827 8785 8630 9562 8550 9097 10018 9407 8477 8367 9069 9487 10153 9501 8212 10106 8836 9745 9598 8855 9517 9664 9769 8481 9078 9184 8217 8406 9007 10133 9099 8784 8616 9407 7183 9713 9140 9664 8941 9109 8881 8914 10378 8772 8758 9599 10155 10123 8353 9449 8635 10390 9502 8823 9292 9438 0 0 0 0 0 0 0 0 0 0 0 0 0 0 0 0 0 0 0 0 0 0 0 0 0 0 0 0 0 0 0 0 0 0 0 0 0 0 
10475 11331 9907 9995 10541 10108 10410 9649 8728 8870 9496 9778 10716 10893 10290 9433 11589 8977 9398 10270 10052 10118 8977 8706 9875 9752 9238 9404 9864 9540 9921 9661 10074 9782 9967 9908 9421 10094 10602 10505 9057 10408 10255 9190 9600 10841 10723 11001 10737 8724 8771 9941 10789 10798 11603 9161 10201 9881 9790 9910 9056 9597 10344 10401 9972 9490 10476 11079 10382 9731 9222 11300 8701 10962 10396 10047 10865 10348 10617 9600 10678 10507 9326 9721 10476 11295 10103 10211 9454 9915 8981 10276 9397 10006 10336 10636 10248 10692 11365 10360 9552 10224 10969 10796 9241 10368 9347 10998 10222 9797 10414 10444 0 0 0 0 0 0 0 0 0 0 0 0 0 0 0 0 0 0 0 0 0 0 0 0 0 0 0 0 0 0 0 0 0 0 0 0 0 0 
9122 9895 8500 9136 9808 9397 8845 9120 8149 7947 9177 9067 9120 9855 9176 8626 10099 8190 8549 8815 8445 9346 8692 8570 8713 8462 8972 9290 8802 7885 9414 8666 9085 9285 9424 9548 8974 9223 9524 9573 7843 10087 8247 8742 8416 10002 9106 9745 9104 8766 7721 9491 9818 9810 10010 8236 8938 8608 8948 9198 8617 9231 10108 9113 8389 8598 8825 9846 8894 8599 8421 10473 8266 9773 9085 9085 9847 10087 9826 9106 9725 8857 8161 7854 9511 9693 8687 9938 9172 8715 7256 9370 8410 10000 9629 8919 9197 8637 10145 8365 9177 9146 9958 9986 8048 9030 8455 10248 9198 9009 9174 9419 0 0 0 0 0 0 0 0 0 0 0 0 0 0 0 0 0 0 0 0 0 0 0 0 0 0 0 0 0 0 0 0 0 0 0 0 0 0 
9267 9560 7816 8520 9123 8421 9021 8509 7603 7896 8550 8690 8514 9567 9153 8122 9890 7046 7345 8897 8851 9328 7664 7771 9172 8237 8089 7967 9087 8320 9099 8533 8481 8912 8648 8470 8388 7662 9248 9341 7927 8767 8157 8180 8368 9352 8874 8834 8954 7641 8149 8100 9143 9322 9804 7742 8615 8643 8577 8160 8442 8205 9121 8773 8194 8715 8383 9672 9050 8792 8253 9761 8127 9434 8990 8818 9551 8964 9232 7902 9465 9415 8630 8241 9298 9192 8658 8862 8323 8566 7117 9301 8559 8959 9791 8878 8730 9064 9417 8734 8585 9587 8980 9358 7296 8572 8749 9520 8902 8310 8937 9243 0 0 0 0 0 0 0 0 0 0 0 0 0 0 0 0 0 0 0 0 0 0 0 0 0 0 0 0 0 0 0 0 0 0 0 0 0 0 
8706 9144 8814 8974 9873 9438 9243 8926 7686 8432 8734 8837 9989 9555 9532 8691 10788 8171 8380 9338 9030 9291 8581 8390 9304 8560 8887 9265 9132 8292 9192 8970 8657 9668 9194 9698 8909 9086 8388 9578 8845 9702 8379 8602 9197 9447 9124 9234 8967 8461 8157 9155 8881 9484 10505 8146 8683 9059 8914 8939 8534 8673 8938 10044 8657 8977 8862 10099 9173 8639 8362 9856 8774 9508 9068 9443 10152 9436 9822 9282 10461 9699 8767 8370 8825 9838 8512 9201 7976 9251 7380 9743 8834 9669 9865 9282 9711 8670 9738 7838 8812 9218 9693 9682 7856 8757 9107 9796 9253 9022 9414 9857 0 0 0 0 0 0 0 0 0 0 0 0 0 0 0 0 0 0 0 0 0 0 0 0 0 0 0 0 0 0 0 0 0 0 0 0 0 0 
10002 10392 8863 9542 9529 9344 9794 8684 8484 7823 8921 8973 9528 9663 9553 8706 10953 8721 8009 9929 9649 9731 8510 8096 9440 8318 8920 8886 8922 8280 9149 9389 9244 8839 10132 9212 9639 9157 9579 9403 9045 9070 8797 8509 9167 10511 9815 10188 9967 7843 9036 9097 9793 10067 11357 8666 8468 9013 8494 8733 7454 10113 9562 8889 8705 8966 9010 10077 9555 9220 8959 10618 9151 9748 9561 9820 9751 9378 9313 9520 9486 9179 8339 8951 9583 9579 8431 9603 8873 9518 7981 9678 9246 9551 9279 9832 9552 9893 10349 8605 9257 9415 9126 10087 8033 9286 9330 10121 9908 8213 10079 9468 0 0 0 0 0 0 0 0 0 0 0 0 0 0 0 0 0 0 0 0 0 0 0 0 0 0 0 0 0 0 0 0 0 0 0 0 0 0 
9882 9300 8656 9345 8117 8888 8261 8512 7870 7315 8959 8926 8827 8599 8456 8299 9645 7445 7623 9093 8755 8826 7874 7907 8939 8499 8274 8641 8419 7962 8594 8413 8455 8358 8971 8661 8658 8400 9044 8933 8279 8524 8911 7651 7736 9911 8751 9820 9663 8123 7918 9240 9187 8441 9967 8177 8652 8059 8573 8661 7387 9489 8474 8498 8355 7850 9079 8717 8782 7698 8411 9568 8012 9754 9275 9273 9376 9098 8982 8575 8813 8179 7816 8332 8822 9202 8374 8911 8640 8617 8385 8964 8600 8938 8386 8877 8742 9065 9937 8418 7903 9612 9115 9668 8438 8995 8677 9826 9249 8214 8520 8622 0 0 0 0 0 0 0 0 0 0 0 0 0 0 0 0 0 0 0 0 0 0 0 0 0 0 0 0 0 0 0 0 0 0 0 0 0 0 
9068 9625 8250 9129 9226 9178 9289 9092 8616 7753 8964 9054 9065 9640 8948 8399 10751 8591 7802 9320 8815 9357 8504 7978 9382 8106 9036 9288 8750 8690 9083 9124 9233 9594 9590 9578 8950 8743 9419 9933 8890 9969 8600 8433 8799 10065 9124 9570 9437 8778 7457 8793 9578 9881 10639 8410 9060 8625 8229 9129 8385 8974 9122 9537 8691 8701 8913 9877 9195 9287 8177 10476 8240 10259 9663 9440 10083 9433 9581 8896 10530 9563 8660 8590 9371 9888 9153 9293 7931 9628 7651 9619 9118 9163 10401 9609 9409 9411 10089 8721 8897 9597 9422 9650 7496 9017 8580 9876 9318 8585 9569 9382 0 0 0 0 0 0 0 0 0 0 0 0 0 0 0 0 0 0 0 0 0 0 0 0 0 0 0 0 0 0 0 0 0 0 0 0 0 0 
9367 9745 8620 9154 9035 9529 8626 8979 8151 8000 9169 8790 9035 9018 8672 8711 10147 8088 8047 9018 8942 9010 8229 8369 8704 8186 8980 8738 8680 8191 9392 8784 8736 9021 8948 8735 8990 9458 8908 8881 9025 8661 8361 8266 8454 10221 9167 9606 9381 8370 7827 8845 9802 9180 10545 8382 7839 8337 8157 9046 8057 9755 9519 8785 8346 9055 8281 9102 8909 8593 8186 10077 8199 9290 9652 9527 9789 9062 9164 9009 9578 8785 8152 8157 8551 9245 9049 9356 8584 8519 7467 9592 8994 9044 9505 9071 9183 8325 9888 8500 8701 9171 9371 10144 7691 8654 8142 9603 9494 9105 9576 8878 0 0 0 0 0 0 0 0 0 0 0 0 0 0 0 0 0 0 0 0 0 0 0 0 0 0 0 0 0 0 0 0 0 0 0 0 0 0 
9740 9788 9091 9394 10162 10149 9493 10378 8796 8721 9397 9889 9924 9760 9284 9397 11711 8700 8745 9502 9919 9850 8459 8037 10029 8074 9602 8827 9573 9139 10288 9904 9516 9054 9873 9605 9392 9283 9332 9619 9383 8799 8894 9262 9220 10448 9131 9607 9620 9029 8984 9044 10146 10075 10725 8659 9199 8596 9058 9096 8705 9454 9623 9436 8754 9492 9052 10453 9571 9292 8906 11206 8776 10048 10240 9862 10424 10561 10414 9174 10448 9587 8941 8564 9128 10668 9414 9085 8348 9093 7201 9689 9461 9572 9851 9579 10201 9561 10445 9094 8963 10006 9989 10356 8427 9371 8724 10885 9452 9192 10177 9554 0 0 0 0 0 0 0 0 0 0 0 0 0 0 0 0 0 0 0 0 0 0 0 0 0 0 0 0 0 0 0 0 0 0 0 0 0 0 
9338 9540 9475 8793 9671 8766 9684 9072 8255 7535 8609 9187 9157 9285 9042 8489 10517 7736 7892 9419 9439 9415 8406 8481 9488 8081 8913 8761 9482 8726 9105 8972 8683 9064 9493 9777 8552 8620 9150 9351 8087 8655 8437 9116 8730 10519 9826 9241 9709 7977 7734 9117 9340 9852 10060 8388 9092 9162 8885 8985 8149 9136 9098 8793 8420 8959 8764 9374 8953 9290 8216 10171 8527 9071 9408 9589 9680 8918 9973 9441 10154 8810 8445 8574 9132 9487 8687 8887 8568 9087 8170 9664 8896 8992 10407 9301 9526 8758 9749 8880 8619 9368 10157 9571 8435 8520 9063 9536 9032 8462 9112 9030 0 0 0 0 0 0 0 0 0 0 0 0 0 0 0 0 0 0 0 0 0 0 0 0 0 0 0 0 0 0 0 0 0 0 0 0 0 0 
9039 9113 8207 8423 8128 8533 8758 8161 8307 7844 8413 7831 9211 8645 8590 8468 10352 7697 7370 8769 8686 8641 8234 7551 8687 8153 8467 8650 8130 8325 7828 8123 8340 8950 8344 8526 8537 8092 8284 8493 8315 8574 8602 8360 8566 9422 9197 8875 8803 8160 7449 7825 8807 8713 9932 7697 8139 8568 8527 8818 7528 8851 8691 8618 7976 8497 8188 9184 8346 8558 7574 10311 7847 9161 9262 7853 8535 9142 9516 7749 9071 8504 8015 8155 9002 8574 8434 8278 7692 9503 7422 9235 8318 9014 9099 8030 8628 8459 10173 8240 8029 8976 8103 8827 7038 8949 8103 10034 8677 8265 8747 9131 0 0 0 0 0 0 0 0 0 0 0 0 0 0 0 0 0 0 0 0 0 0 0 0 0 0 0 0 0 0 0 0 0 0 0 0 0 0 
8938 9378 8170 8907 9199 9107 9058 8978 7852 7970 8226 8282 9140 9322 9351 8773 9746 8567 7992 9106 8474 9146 7972 7919 8928 8539 8410 8335 8762 8277 8942 8275 8681 9064 9508 9569 8460 8930 8663 9439 8934 9216 8572 8019 8656 9812 9683 9667 9069 7869 7750 8922 9374 9108 10269 8234 8434 8842 8202 8295 8363 8653 9364 9273 8515 8371 9021 9601 8657 8253 8296 10407 8152 9525 9147 9421 9504 8789 9195 8857 9786 9131 8735 7921 8947 9638 8349 9547 8249 8920 7596 9204 9437 9162 9188 9292 9386 8695 9592 8585 8529 9643 9529 9350 7856 8751 8937 9762 9271 8278 9113 8750 0 0 0 0 0 0 0 0 0 0 0 0 0 0 0 0 0 0 0 0 0 0 0 0 0 0 0 0 0 0 0 0 0 0 0 0 0 0 
9102 10476 8698 9456 9141 9499 8657 8654 9170 7892 9206 8586 9681 9863 9261 8920 9947 8197 7475 9294 9119 9496 8579 8507 9266 8571 9363 9302 8561 9134 9490 8771 8897 8681 9369 9322 9272 9292 8819 9221 8802 9399 8677 8757 7720 10109 9101 9643 9990 8596 7590 9612 9276 9365 11011 8599 9054 8685 8678 9002 8864 9073 9461 9539 9345 8675 9384 9340 9866 9424 8607 10466 8962 9918 9511 9434 9587 9281 9948 8784 9360 9231 8841 9063 9326 9489 8851 9224 9027 9443 8095 9693 9073 9815 9771 9340 9053 9623 9820 8851 8783 10054 9730 9806 8499 9465 9047 9592 8962 8800 9330 9337 0 0 0 0 0 0 0 0 0 0 0 0 0 0 0 0 0 0 0 0 0 0 0 0 0 0 0 0 0 0 0 0 0 0 0 0 0 0 
10054 10597 9795 9478 9837 9424 9113 9246 8725 8416 9535 9288 9955 9852 9674 8953 10869 8402 8576 10210 9645 10574 9467 9130 9703 8234 9875 9910 9363 9233 8985 9573 9350 9059 9936 10075 9335 9022 10462 9544 8716 9100 8926 9327 8524 10532 9387 10227 10238 8622 8737 9485 9910 10121 10609 8691 9578 9373 9144 9242 8245 9232 9811 9863 8925 8932 9317 10487 9738 9651 8774 10771 8909 9965 10226 9972 10556 10159 10425 9746 10706 9383 8447 8952 9703 9671 9410 9961 8747 9183 8468 10569 9638 9665 10293 9906 10052 9687 10910 8970 9140 9642 10309 10426 8749 9553 9187 9962 9821 8933 10071 9404 0 0 0 0 0 0 0 0 0 0 0 0 0 0 0 0 0 0 0 0 0 0 0 0 0 0 0 0 0 0 0 0 0 0 0 0 0 0 
9244 9665 8357 8649 9527 9448 8856 8662 8199 8290 8305 9232 9508 10117 9005 8585 10708 8357 8466 9735 9044 8951 8394 7254 9105 8558 8743 8729 8790 8462 8668 8680 9206 8947 9450 8905 8933 8413 8739 9598 8385 9215 8613 8796 8262 9530 9094 9323 9898 8725 7982 8841 9392 9533 10975 7769 8695 8940 8826 8612 8242 8747 8755 8900 8504 8793 8981 10042 9687 8928 8058 9798 8496 10022 9721 9181 9218 9183 9507 8689 8895 9130 8361 8240 9566 9514 8137 8508 8733 9354 7623 9408 8642 9613 9701 9750 8419 9339 10131 8319 8716 9262 9206 9824 8574 8994 9128 9617 8646 8156 9688 9435 0 0 0 0 0 0 0 0 0 0 0 0 0 0 0 0 0 0 0 0 0 0 0 0 0 0 0 0 0 0 0 0 0 0 0 0 0 0 
9492 9647 9407 8733 9361 9399 9442 8520 8476 7704 9490 9090 9282 9524 9292 8214 10191 7916 8232 9487 9543 9170 8189 8455 9443 8374 8446 9335 9563 8402 9087 9033 8685 9119 9519 8513 9011 8217 9668 8811 8517 9561 8073 8381 8495 10332 8892 9868 9339 8210 7782 8108 8891 9793 10333 8072 9058 9071 8523 8808 8204 9202 8954 8633 7845 8213 8458 9614 8086 8561 8416 10058 8466 9538 9625 8906 9670 9270 9692 9448 9709 9189 7987 8723 9560 9617 8695 9211 8455 9587 8203 9657 8309 9171 9904 9416 9329 9301 9924 8250 8754 9251 9797 9979 7946 8971 8392 9840 9119 8647 9861 9693 0 0 0 0 0 0 0 0 0 0 0 0 0 0 0 0 0 0 0 0 0 0 0 0 0 0 0 0 0 0 0 0 0 0 0 0 0 0 
7680 7937 7332 7632 7424 7669 6989 7498 6730 6079 7146 7835 7616 7205 6592 6915 8353 6347 6462 8266 7360 7816 6511 6109 8130 6613 7612 6867 6811 6735 6607 6985 6929 7175 7459 7734 7533 7349 7178 7733 7034 6816 7307 6694 7346 8421 8001 7739 7589 6974 6758 7822 7611 7569 8358 7072 7420 7268 7611 7292 6335 7516 7624 7485 6753 6625 7394 7659 7718 6909 6657 8190 7121 7496 7928 7582 7584 7700 7973 7870 7982 7156 6536 6840 7097 7687 7028 6920 7108 6887 6356 7968 6804 7350 7528 7154 7143 7432 8730 7070 7003 8063 7508 8745 6662 7257 7213 8136 7834 6784 7219 6909 0 0 0 0 0 0 0 0 0 0 0 0 0 0 0 0 0 0 0 0 0 0 0 0 0 0 0 0 0 0 0 0 0 0 0 0 0 0 
9564 10002 8778 9622 9120 9262 9902 8956 8073 7988 9247 8772 9618 9921 9636 8688 10325 8144 8496 9955 9575 9150 8492 8638 9213 8419 8158 9083 8970 8968 9174 8749 9213 9148 9453 8553 9785 9005 9115 9158 8857 9118 8772 9051 8086 9433 9136 10425 9616 7947 8441 8576 9449 9504 10905 8410 8470 8959 8343 8375 8331 9335 9344 8473 8310 9092 9131 10183 9085 8952 8952 9987 8586 10182 9175 9670 10421 9081 8961 9545 9478 8980 8636 9011 9665 9426 9077 9262 8601 9628 8202 9762 8549 9778 9145 9540 8808 9905 10147 8599 9171 9580 9377 9796 8103 9431 9381 10204 9235 8705 9892 9833 0 0 0 0 0 0 0 0 0 0 0 0 0 0 0 0 0 0 0 0 0 0 0 0 0 0 0 0 0 0 0 0 0 0 0 0 0 0 
8750 9402 8124 8095 9062 9412 8608 8213 8135 7421 8936 8906 8291 9838 8431 7692 10157 7929 8241 9229 8676 8554 8009 7799 8466 7861 8424 8810 8231 8351 8333 7817 8673 9464 9069 8221 8471 8471 8553 8840 8538 8602 8473 9204 7667 10110 8936 8798 9417 7563 7464 8221 9658 9647 9881 7347 8932 8426 7771 8133 7705 8766 8668 8867 8158 8000 7957 9067 8964 8973 7280 10240 7308 9224 8631 8991 9144 9284 9539 8794 9319 8776 8400 8119 8648 9136 8624 8505 7804 9582 7061 8955 8274 8959 10056 8879 9266 8416 9827 8017 8543 9203 9248 9051 8356 8911 7731 9717 9070 8392 8861 9065 0 0 0 0 0 0 0 0 0 0 0 0 0 0 0 0 0 0 0 0 0 0 0 0 0 0 0 0 0 0 0 0 0 0 0 0 0 0 
10388 9801 9348 9215 9319 10150 9523 9550 8761 8182 9775 9236 9339 9651 8602 9090 10544 7724 8414 9829 9363 9997 9109 8668 10222 8805 9270 9503 9429 8929 9454 9596 9665 9654 9363 9550 9931 9063 9922 10088 8988 8936 9162 9398 8948 10185 9723 9793 9781 9258 8977 9577 9596 9567 10505 8950 9224 8874 9512 8819 8617 10111 9860 9522 9518 9320 8769 10640 9324 9296 8984 11230 8674 10298 9558 9959 10929 9891 9764 10140 10366 9044 9317 8841 9698 9553 9107 9791 8979 9376 8431 10325 9544 10216 10183 8824 9434 9752 10529 9338 9098 10400 9722 10092 8088 9961 9058 10817 9441 9098 9742 9727 0 0 0 0 0 0 0 0 0 0 0 0 0 0 0 0 0 0 0 0 0 0 0 0 0 0 0 0 0 0 0 0 0 0 0 0 0 0 
9277 10177 9131 9598 9577 9612 9070 9643 8544 8131 9025 9221 10422 9644 9811 9170 10751 8295 8814 9903 9596 10313 8189 8240 9814 8865 8801 9117 9580 8576 9466 9668 8973 9394 9470 9989 9703 9418 9589 9833 9085 9468 8714 9183 9197 10302 9743 9983 9229 8569 8459 9111 9453 9534 10338 9334 8732 9310 8890 8970 8783 9427 9373 9671 8848 9160 9219 9974 9678 8869 8881 10085 8794 9396 9800 10376 10361 9777 10448 9347 10331 9575 8586 8667 9680 10545 9490 9377 8849 9764 7664 9371 9434 8966 10589 9911 9737 9722 10600 9036 9392 10258 10469 10172 7906 8949 8856 10272 10249 9184 9818 9556 0 0 0 0 0 0 0 0 0 0 0 0 0 0 0 0 0 0 0 0 0 0 0 0 0 0 0 0 0 0 0 0 0 0 0 0 0 0 
8297 8653 7754 7943 8450 8038 8373 7604 6953 6642 8318 7841 8232 8083 8639 7435 9248 6929 6951 7778 8101 8439 6936 7049 8370 7669 7914 8049 7610 7296 8333 7628 8116 8737 8409 8568 8535 7907 8378 8542 7678 8314 7991 7617 7793 9077 8951 8534 8573 7371 7098 8192 7949 8022 9183 7706 7503 7771 7896 7264 7525 7748 8959 8335 7489 8176 8268 9393 7948 7876 7192 9620 7448 8514 8187 8062 8796 8414 8152 8357 8857 8302 8014 7638 8522 8113 8414 8690 7953 8784 7417 8335 7602 8028 8902 8186 8659 8891 9610 7832 8272 8897 8529 8532 6992 7905 7945 8860 8441 7879 8252 8515 0 0 0 0 0 0 0 0 0 0 0 0 0 0 0 0 0 0 0 0 0 0 0 0 0 0 0 0 0 0 0 0 0 0 0 0 0 0 
8619 8827 7944 9002 8983 9039 8685 8871 8093 7436 8060 8066 8918 9414 9071 7593 10486 7490 8065 8864 8589 9004 7933 7922 8586 7860 7512 8519 8476 8534 8339 8233 8071 8846 8606 8010 8846 7633 8865 8313 8104 8736 7744 8292 8035 9286 8779 9367 8652 7805 7798 8514 8486 9315 9601 7906 8028 8298 8674 7906 7951 8263 8860 8010 7576 8303 8479 9726 8611 8449 7940 9616 7912 8545 8982 8385 9272 8661 8946 8124 9539 8184 7877 7952 9027 9139 7914 8659 8015 8836 7169 9416 7580 8575 9297 7871 8855 8688 9300 8200 8291 8643 8734 9410 7621 8195 8647 9109 7942 7637 9123 8805 0 0 0 0 0 0 0 0 0 0 0 0 0 0 0 0 0 0 0 0 0 0 0 0 0 0 0 0 0 0 0 0 0 0 0 0 0 0 
10020 10591 9370 10419 10542 10532 9930 9879 9489 9004 10152 9886 10262 10606 10259 9536 11200 8605 8109 9699 9501 9772 8680 8694 9774 8938 9332 9860 9896 9619 10570 9418 10037 9468 10617 9595 9204 10343 9728 10010 9749 9644 9355 8489 10010 11432 10035 10548 10850 8734 8645 10354 9914 10364 11654 9407 9573 9347 10202 9435 9503 10308 10299 9364 9984 9015 9632 9887 9913 9332 9713 11062 9005 10097 10996 10228 10951 9812 10887 9502 10725 9464 8945 9566 9164 9564 9181 10296 9728 9470 8211 10453 10222 10328 10134 10000 10114 9654 10382 9828 9259 10139 9902 10644 8699 9567 9699 10924 10414 9678 10269 9847 0 0 0 0 0 0 0 0 0 0 0 0 0 0 0 0 0 0 0 0 0 0 0 0 0 0 0 0 0 0 0 0 0 0 0 0 0 0 
9223 8870 8334 8154 8015 8810 8494 8230 7234 7068 7990 7709 8600 8901 8147 7781 9566 7324 7328 8565 8709 8409 8317 7823 8861 8108 8356 8412 8741 8164 8512 8969 8352 8133 8274 8001 7810 7423 8426 8491 7491 8757 8233 7979 7492 9203 9062 8962 8859 7183 6934 7888 8812 9195 9197 7338 8478 8342 8313 8370 7647 7959 8252 8476 7757 8161 8033 8993 8301 8264 7498 9479 8192 8424 8905 8474 9461 7746 8698 8181 9416 8585 7657 7820 8430 9177 8218 8284 7103 8339 7442 8984 8212 8583 8821 8855 8226 8422 8993 7871 7571 8788 9223 9087 7472 8758 7870 8849 7637 8063 8686 8593 0 0 0 0 0 0 0 0 0 0 0 0 0 0 0 0 0 0 0 0 0 0 0 0 0 0 0 0 0 0 0 0 0 0 0 0 0 0 
9603 9522 8884 8821 8867 10298 9129 9255 8515 8604 9217 9285 9028 9440 9216 8671 10884 8906 8714 9172 9033 9874 8556 8520 9261 8719 8330 9015 8842 8826 9221 8466 8590 9583 9133 8657 8729 9334 9503 8956 8758 9658 8734 8701 8661 9953 9300 9719 9143 8240 8192 9070 9790 9737 11009 8074 8463 9101 8777 9049 8143 9365 8994 9150 8436 8771 8301 9716 9312 9161 8727 10239 8460 9522 10387 9522 9857 9603 9484 9358 9825 9002 8400 9038 9848 9496 8806 9000 8467 9488 7788 9856 8793 9537 9783 8859 9483 9057 10147 8955 8814 9602 10015 9819 8330 9382 8691 9750 9508 8891 9531 9454 0 0 0 0 0 0 0 0 0 0 0 0 0 0 0 0 0 0 0 0 0 0 0 0 0 0 0 0 0 0 0 0 0 0 0 0 0 0 
9032 9565 8905 9411 9137 9655 8793 9528 8301 7208 9215 9031 9658 9637 8901 8474 10104 8369 8218 9419 9487 9059 8029 7948 9962 8782 8770 8783 8723 8823 8639 8378 9231 9162 9412 9355 9065 8782 9289 9649 8550 9100 8533 8525 8059 10092 9349 9614 9742 8215 7986 8983 9493 10063 10074 8857 8907 8871 9321 8655 9060 9094 9360 9157 8930 8423 8944 10082 9046 8898 8716 10474 8215 9577 10007 9784 10358 9336 9684 9911 10133 9045 8431 8671 9044 9380 8663 8418 8294 9087 7514 9722 8936 9391 9288 9078 9209 8980 9994 9617 8470 9447 10053 9769 8524 8886 8223 9478 8821 8989 9247 9170 0 0 0 0 0 0 0 0 0 0 0 0 0 0 0 0 0 0 0 0 0 0 0 0 0 0 0 0 0 0 0 0 0 0 0 0 0 0 
9331 9766 8518 9373 8944 9278 9309 8906 8682 7475 8556 9266 9172 9021 8757 8431 10201 7888 7964 8788 9393 9005 7736 7638 9915 8627 8654 8292 9005 8401 8603 9712 8670 8776 9289 8965 9129 8656 8930 8899 8982 8971 8019 8134 8665 9764 9252 9143 9166 8108 8207 8416 8647 9447 9896 8388 8588 8674 8689 8844 7967 9182 9029 8909 7936 8127 8533 9022 9228 8526 8004 10245 8525 9474 9207 9330 9638 9077 9202 8889 9854 8921 8145 8727 9476 9218 8062 9246 8538 9166 7084 9459 8316 9126 9437 8685 8809 8547 9982 8435 8557 9434 9015 9451 7319 8782 8582 9807 9231 8953 9311 9435 0 0 0 0 0 0 0 0 0 0 0 0 0 0 0 0 0 0 0 0 0 0 0 0 0 0 0 0 0 0 0 0 0 0 0 0 0 0 
8071 8772 7923 7543 8920 8549 8587 7236 7475 7736 8033 7768 8533 8752 8288 7624 9382 7190 7378 7655 8223 8646 8279 7701 7998 7582 8118 8536 7988 7289 8812 8185 8368 8400 8420 8536 8226 7950 8195 8232 7996 8088 7688 7987 7728 8777 8783 8421 8569 8031 7162 7530 8468 8215 9404 7036 7829 8461 7628 7757 7790 8000 9174 8036 7679 7766 7475 8999 8278 7986 7894 9385 7144 9154 8502 8448 9179 8639 8938 8217 9005 8378 8351 7407 8137 7965 8315 8183 7525 7955 6720 8462 8187 8681 9339 8182 8658 8287 8549 7666 7509 8426 8831 8394 7160 7835 7812 9141 7853 8230 8324 8277 0 0 0 0 0 0 0 0 0 0 0 0 0 0 0 0 0 0 0 0 0 0 0 0 0 0 0 0 0 0 0 0 0 0 0 0 0 0 
8638 9820 8886 9167 9379 9488 8727 9358 8406 8035 9195 9242 9126 10007 8660 8526 10787 8074 8688 9412 9156 9427 8259 7668 9671 8822 8214 8909 9013 8884 9627 8998 8798 8834 9706 9253 9127 8673 9632 9607 9106 9105 8356 8732 8708 9919 9035 10058 9378 7863 8510 9003 9511 9977 10102 8310 8372 8854 8903 8391 8270 9160 8964 9248 8458 8872 8495 10239 8737 9015 8835 10215 8649 9330 9485 9741 10105 9801 9937 9375 9860 8929 8172 9119 9101 9533 8593 9084 8994 8855 7367 9645 8781 9339 9786 8931 8854 9288 10089 8771 8789 9392 9421 9681 7805 9073 9264 9960 9465 8583 9868 9137 0 0 0 0 0 0 0 0 0 0 0 0 0 0 0 0 0 0 0 0 0 0 0 0 0 0 0 0 0 0 0 0 0 0 0 0 0 0 
9532 9107 9125 8570 9658 9423 9554 9614 8310 8451 8718 9223 9267 10031 9161 8855 11203 8364 8811 9368 8948 9556 8504 7659 9435 9240 8182 8711 9488 8149 8977 9182 9526 8797 9613 9220 8985 8790 9548 9280 8884 9588 9192 8397 9215 10182 9281 9350 9452 8748 8251 8280 10211 9625 10580 8011 8865 8527 9404 9257 8040 9753 9103 9511 8529 9009 9505 9815 9267 9359 8943 10518 8423 10071 9845 9566 9877 9627 9483 9132 10056 9268 8630 8822 9519 10120 9063 8866 9169 9465 7315 9689 9365 9184 10336 9468 9020 8471 10069 8880 8534 9022 9459 9949 8064 9139 9246 10807 10207 8639 9635 9793 0 0 0 0 0 0 0 0 0 0 0 0 0 0 0 0 0 0 0 0 0 0 0 0 0 0 0 0 0 0 0 0 0 0 0 0 0 0 
9844 9536 8404 8883 9508 9338 9089 8820 8602 8210 8167 8860 8700 9678 8770 8527 10169 7911 8221 8944 8220 9264 8128 7353 9507 8876 8481 8774 9203 8344 9274 8738 8976 9144 9276 9051 8648 8655 8798 9758 8261 9117 8355 8451 9097 10274 9411 9218 9353 8463 7799 8989 10007 9191 9889 8283 8305 8663 8362 8905 8033 9055 9638 9375 8952 8882 8443 9624 9353 8888 8619 10856 8718 9178 9329 9286 9737 8590 9170 8608 9132 9103 8057 8357 8760 9317 8650 8768 8226 8672 7478 9246 9685 9106 9417 9488 8551 8853 9811 8506 8551 9985 9200 9736 7739 8793 8746 9773 8987 8419 9495 8741 0 0 0 0 0 0 0 0 0 0 0 0 0 0 0 0 0 0 0 0 0 0 0 0 0 0 0 0 0 0 0 0 0 0 0 0 0 0 
9242 9128 7881 8912 8513 8483 8487 8744 8124 7098 8634 9015 9056 8245 8705 8179 10191 7542 7693 8345 8672 8707 7407 7517 8397 8023 8939 8307 8449 7701 8072 8082 7976 8798 8758 8788 8099 8363 8264 8756 8425 8300 7430 8259 8484 8976 8625 8859 8764 8161 8180 8532 8571 8309 10242 8689 8418 8254 7471 7988 7579 8231 8575 8353 7898 7924 8615 8690 9076 8098 7741 9914 7655 8753 8928 8561 8661 8755 9509 8463 9399 8673 7681 7769 9101 8839 7972 8577 8110 8767 7011 8834 8621 9108 8071 8160 9564 8269 9754 7774 8534 8800 8716 9022 7639 8006 7934 9145 8867 8390 8609 8392 0 0 0 0 0 0 0 0 0 0 0 0 0 0 0 0 0 0 0 0 0 0 0 0 0 0 0 0 0 0 0 0 0 0 0 0 0 0 
8872 9346 8619 8033 9428 9380 9427 8803 7699 8349 8992 8676 9100 9629 9444 8572 10183 8497 8463 9121 8939 8930 8666 7896 8107 8580 8549 9096 8492 8492 9105 8821 9136 9685 9378 9693 8633 9315 8827 8748 9185 9939 8190 8417 8786 9910 9070 9665 9897 8513 7221 8208 9309 9341 10092 8072 8506 8187 8765 8333 7973 8911 9391 9154 9051 8597 9100 9608 9090 9157 8407 10360 8204 9636 9380 8881 9649 9361 9387 9127 9343 9110 8166 8625 9200 9886 8808 8762 8607 9077 7596 9940 9411 10028 9654 9497 9248 8312 10039 8487 8689 9207 9388 9357 8051 9242 8427 10288 9664 8850 9360 9421 0 0 0 0 0 0 0 0 0 0 0 0 0 0 0 0 0 0 0 0 0 0 0 0 0 0 0 0 0 0 0 0 0 0 0 0 0 0 
9108 9369 8989 9234 9178 8917 8924 9165 7801 7603 9036 8555 9062 9408 9403 8908 9872 7282 7580 9328 9121 9135 8214 8258 8916 8159 8883 9227 8793 8117 8860 8202 8873 9252 9048 8994 9573 8925 8588 9229 8357 9225 8705 8031 8498 9527 8668 9672 8635 8017 7514 9148 8899 9077 10189 8428 8702 8498 8097 8992 8657 9074 9161 8744 8188 8218 8707 9348 9122 8150 8512 9515 7853 9366 9442 9000 9648 8833 9275 8597 10254 8763 8584 8447 8515 9280 8765 9114 7661 8909 7681 9327 8973 8996 9566 8818 9289 8827 9519 8315 8572 9287 8655 9700 8091 8355 8765 9749 9478 8615 9194 9110 0 0 0 0 0 0 0 0 0 0 0 0 0 0 0 0 0 0 0 0 0 0 0 0 0 0 0 0 0 0 0 0 0 0 0 0 0 0 
9078 8891 8412 8618 9171 9162 8441 8706 8425 7579 8441 8491 8793 9447 8326 8561 10412 7783 7878 8961 9106 9035 8280 7399 9681 7983 8736 8534 8466 8677 8925 8265 8939 8793 9184 9123 8650 9145 8614 9412 8442 8511 8211 7910 7894 9916 9496 9339 9372 7951 7836 8958 9188 9514 9663 8984 8377 8568 8573 8050 7649 8913 9060 8574 8465 8116 8385 9211 8638 8519 8334 10074 8091 9075 9112 8910 9696 9313 9068 8708 9760 8285 7773 8416 8693 8977 8468 8701 7796 8853 7233 9700 8651 9100 9500 9492 8088 8887 8876 8514 8481 8964 8761 9833 7443 8072 8766 9809 8505 7984 9198 8218 0 0 0 0 0 0 0 0 0 0 0 0 0 0 0 0 0 0 0 0 0 0 0 0 0 0 0 0 0 0 0 0 0 0 0 0 0 0 
9518 10084 8754 10018 9625 9294 9548 9405 9418 8239 9489 9319 9460 10315 9040 8611 11248 8031 8610 9228 9198 9132 8569 8377 9550 9435 9272 9502 9059 8410 9884 9200 8574 10135 9692 10096 9586 9280 9327 9876 9489 9776 9139 8915 9028 9882 9439 9777 9668 8621 8596 9752 9046 9273 10720 9109 9227 9181 8796 9110 8223 9508 9347 10089 8533 8688 9558 9701 9628 8943 8728 10530 8478 10580 9594 9638 9629 9833 10080 9031 9722 9077 8871 9100 9379 9571 8867 9545 9473 9795 8114 10196 9681 10192 10287 9985 9815 9395 10397 8579 9244 9642 9624 9901 7948 9303 9836 10831 9838 9185 9671 9888 0 0 0 0 0 0 0 0 0 0 0 0 0 0 0 0 0 0 0 0 0 0 0 0 0 0 0 0 0 0 0 0 0 0 0 0 0 0 
9758 9584 8753 9251 9920 9678 9609 10127 8387 8575 9064 9456 9400 9746 9412 9289 10783 8331 8535 9810 9217 9410 8418 7916 10162 9011 9074 8692 9564 7946 9555 9645 9203 9268 9701 10098 9142 9020 9770 10016 8872 10012 8924 8797 9390 10327 9721 9200 9747 8888 8833 9728 10111 10941 10573 8416 9418 9240 9241 9132 8851 9943 9412 9526 9195 8885 8907 10137 9356 8969 8663 10728 9009 9743 9782 9217 10144 9897 10105 9261 10084 9738 8955 8860 8896 9993 8636 8893 9040 9344 7531 9580 9327 9479 9825 9608 9935 8931 10684 9137 8935 9833 9849 10129 8275 9843 9514 10448 9778 8588 9825 10355 0 0 0 0 0 0 0 0 0 0 0 0 0 0 0 0 0 0 0 0 0 0 0 0 0 0 0 0 0 0 0 0 0 0 0 0 0 0 
9051 8998 8692 8185 9645 9066 8540 8630 8631 8422 9063 8442 9358 9407 9213 8517 9853 7429 8292 9625 9427 9216 8459 8293 9664 8092 8811 9386 8732 8728 8149 7850 9142 8736 9401 8772 9144 8661 8602 8557 8372 8880 7665 8726 7833 9788 8503 8599 8823 8306 7413 8659 9260 9002 10090 7878 8768 8761 8095 8319 8591 8385 8928 8910 8414 7793 8046 9752 8520 8622 8611 9967 8088 9871 9017 8945 9407 8990 9422 8478 9682 8784 7952 7757 9164 9301 8725 8713 7860 8547 7585 9366 8648 8846 9365 9233 9062 9200 9442 8281 8274 9037 9409 9668 7527 8536 7980 10154 8615 8174 9254 9063 0 0 0 0 0 0 0 0 0 0 0 0 0 0 0 0 0 0 0 0 0 0 0 0 0 0 0 0 0 0 0 0 0 0 0 0 0 0 
8666 9407 8619 9146 9898 9398 8866 8682 8414 8180 9015 8960 9058 9991 9027 8441 9787 7692 8424 9197 8910 9364 7942 8024 9258 8257 8667 9306 8684 8339 8806 8902 9070 9097 9279 9281 8574 8610 8860 8569 8356 9608 8007 7975 8201 9608 9259 9781 8942 7940 7968 8979 9768 9496 9433 8489 8825 8671 8202 8418 8543 8230 9333 8959 7977 8190 8541 9430 9173 8578 8713 10006 8041 9780 8670 9206 9919 9240 9801 8762 9444 8789 8272 8065 9126 9608 8988 9253 8223 9070 7335 8852 8832 9270 9283 9378 9214 8881 9525 8476 8199 9410 9668 10236 7978 8565 8546 10659 9248 8560 9029 8856 0 0 0 0 0 0 0 0 0 0 0 0 0 0 0 0 0 0 0 0 0 0 0 0 0 0 0 0 0 0 0 0 0 0 0 0 0 0 
8488 9613 9020 8392 8553 8483 8427 8311 7878 7677 9031 7966 8967 8614 8972 8047 9249 7363 7576 8924 9280 9046 7728 7995 8415 8403 8215 8305 8323 7869 7012 7979 7913 9117 8448 7994 9181 8106 9081 8489 8106 8287 8180 8095 7733 9066 8247 9003 8397 7561 7769 8190 8287 8819 9732 8032 7780 7969 8195 7698 7504 8445 8810 8679 8471 8004 8629 9320 8787 8064 7709 9407 7549 8976 8413 8854 9057 8737 8354 8386 8859 8232 7797 8173 9081 8875 7721 8593 8512 8772 7763 9052 7714 8202 8842 8970 8307 8838 9320 8094 8167 9264 8452 9076 7785 9225 7877 9188 9015 8183 8790 9502 0 0 0 0 0 0 0 0 0 0 0 0 0 0 0 0 0 0 0 0 0 0 0 0 0 0 0 0 0 0 0 0 0 0 0 0 0 0 
8914 9455 8788 8408 9179 9434 9236 9223 7839 7992 8626 8786 9023 9273 8959 8374 9963 8577 7912 9521 9145 9548 8047 7623 9561 8206 8525 8624 8811 8569 9451 8514 9009 9331 8613 8932 8579 8959 8682 9407 8036 8787 8645 8540 8137 9644 9617 9524 9655 8472 7427 8910 9414 9172 9681 8388 8928 8663 8942 9144 8314 9383 9376 9111 8236 8499 8835 9404 9545 8974 8119 9709 7953 9386 9411 9593 10239 9079 9609 9306 9763 9255 8522 8059 9115 9626 9362 8705 8073 8546 7185 9526 8997 9160 9290 9285 9187 8991 9885 9621 8587 9738 10001 9698 8278 9090 8982 9748 8567 8328 8998 9073 0 0 0 0 0 0 0 0 0 0 0 0 0 0 0 0 0 0 0 0 0 0 0 0 0 0 0 0 0 0 0 0 0 0 0 0 0 0 
8469 9086 8808 8643 8774 8599 8458 9114 7544 7145 8407 8397 9534 8756 9001 8168 9490 7306 7219 8761 8496 9130 7491 7741 8446 7860 8439 8140 8725 7838 8547 8564 7762 8286 8361 8650 8436 8179 8515 8491 7772 7939 8565 8705 8451 9133 8247 8991 8301 7891 7483 8724 8467 8607 9628 7384 8044 7784 8072 8114 8529 8248 8320 8560 7940 8307 8135 9318 8721 7967 7651 9240 7747 9006 8849 9090 9281 8353 9013 8159 9138 8432 8458 7717 8507 8439 8134 8114 7851 8584 6571 8957 8319 8374 9081 8155 8868 8574 9023 8243 8077 9305 9076 8850 7692 8216 7954 9237 8730 8622 9150 8603 0 0 0 0 0 0 0 0 0 0 0 0 0 0 0 0 0 0 0 0 0 0 0 0 0 0 0 0 0 0 0 0 0 0 0 0 0 0 
10571 10807 9529 10183 10357 10581 10453 10678 8911 9060 9845 9720 10386 10795 10391 9541 11778 9295 9244 10318 10242 10655 9253 9148 10277 9521 9207 9335 10471 9357 10208 9659 9640 10337 10497 9924 10149 9451 10880 10709 9481 10040 9540 9320 9756 11312 9627 10533 10370 8750 9114 9862 10528 10760 11514 9186 9861 10196 9827 9431 9493 9939 10337 9810 9548 9486 9952 11176 9964 9681 10141 11213 9314 10545 11167 10809 11190 10245 10763 9866 10914 9813 9578 9495 10661 10899 9960 9636 9864 9764 8213 10647 10031 10424 10731 10602 10019 10400 10914 10042 9989 10774 10959 10558 8721 10478 10152 10989 10276 9798 10196 10729 0 0 0 0 0 0 0 0 0 0 0 0 0 0 0 0 0 0 0 0 0 0 0 0 0 0 0 0 0 0 0 0 0 0 0 0 0 0 
9839 9760 9135 9198 10115 8799 9612 9235 8675 8128 8672 9653 9498 9846 9332 8101 10939 8262 8656 9439 9772 9205 8469 8101 9475 8650 8559 8582 8786 8152 9230 9499 8784 9044 9641 10181 9473 8991 9652 9467 8727 9667 9013 8620 9693 10084 9518 9733 9769 8442 8880 8778 9712 9863 10498 8933 9374 9051 9083 8709 8441 8819 10202 9658 8104 9177 9668 10413 9071 9313 8979 10359 8864 10258 9779 9660 10501 9984 9732 9306 9895 9460 8425 8604 9412 10486 9159 9471 9093 9209 7184 10277 9460 9908 9540 9896 9871 9212 10170 8736 9076 8819 10281 10031 8313 9168 9139 10174 9461 9173 9608 9460 0 0 0 0 0 0 0 0 0 0 0 0 0 0 0 0 0 0 0 0 0 0 0 0 0 0 0 0 0 0 0 0 0 0 0 0 0 0 
9278 9463 8426 8419 8974 8614 8608 8592 7654 7260 8825 8528 9347 8867 9245 8356 9996 7527 7404 9154 9040 9344 7528 7643 8883 8176 8644 8558 8755 8044 8462 8293 8877 8746 8984 8743 7944 8196 9532 9095 7838 8100 8082 8537 8086 10035 9214 9084 9539 7913 7657 8892 9307 9505 10079 7759 8991 8380 8633 8249 7596 8602 8486 8267 8779 7790 8298 9189 8637 8148 7523 10381 7597 8987 9091 8882 9077 8933 9717 8639 9528 8988 7954 8273 8596 9022 8597 8403 8529 8290 7290 8745 8707 8963 9317 9227 9284 9245 9545 9057 8542 9211 8846 9437 7930 8668 8573 9778 9283 8041 8961 9050 0 0 0 0 0 0 0 0 0 0 0 0 0 0 0 0 0 0 0 0 0 0 0 0 0 0 0 0 0 0 0 0 0 0 0 0 0 0 
8368 7654 7043 8103 7642 7933 7801 8067 6084 6835 7559 7776 8204 7785 7746 7280 9225 6729 6670 8204 7990 8417 6938 7221 7688 6974 7447 7353 7553 6860 7500 7522 7752 8170 8076 7569 7703 7239 8016 8443 7202 7528 6829 7075 7351 8312 7698 7763 7740 7115 6555 7607 8146 8031 9027 7013 7514 7454 8231 6994 6726 7635 7573 8143 7574 7671 8122 8993 7894 6963 6398 8785 7309 8061 8030 7611 8343 7978 8283 8086 8687 8337 7233 7330 7401 8376 7529 7271 7438 7618 6035 8605 7371 8186 8616 8115 7873 7900 8460 7029 7730 7942 8105 8693 6936 7681 7857 8598 8242 6888 7795 8596 0 0 0 0 0 0 0 0 0 0 0 0 0 0 0 0 0 0 0 0 0 0 0 0 0 0 0 0 0 0 0 0 0 0 0 0 0 0 
9304 8921 8393 9606 9305 9020 8641 8916 8487 7839 9036 8617 9677 9570 9502 8372 10636 7858 7736 9102 9069 8883 8166 8426 8975 7785 8509 8391 8676 8477 8911 8556 9044 8748 9640 9155 8495 8748 8358 8938 8488 8756 8634 9002 8421 9468 8817 8898 9284 8344 8061 8428 9129 9735 10559 8207 8823 8239 8536 8462 8510 8715 9317 8803 8447 8552 8595 9652 8398 8381 8243 9739 7869 9430 9150 9371 9272 9185 9570 8622 9764 8684 8377 7273 8580 9124 8890 9072 8076 9559 7176 9686 8476 9278 9630 9372 9535 9705 9043 8546 8870 9453 9009 9901 7847 8213 8376 9871 9240 8274 9100 8865 0 0 0 0 0 0 0 0 0 0 0 0 0 0 0 0 0 0 0 0 0 0 0 0 0 0 0 0 0 0 0 0 0 0 0 0 0 0 
9569 9425 8900 8755 8684 9168 9450 9491 8526 7706 9138 8898 9727 9030 9289 9274 10333 7989 7949 9277 9259 9417 8731 8048 9262 8177 9348 8916 8566 8322 9128 9109 8224 8989 9648 10269 9332 9286 9234 9466 8859 9131 9065 9346 8637 10101 9269 9803 9260 8368 7739 8964 8984 9021 10216 8467 9097 9148 8645 8687 8378 9305 9409 9508 8913 8855 9092 10035 8856 9139 8210 10578 8173 9840 10099 9237 9686 10034 9828 8955 9768 8430 8433 8652 9287 9286 9410 8852 8347 9227 7875 9836 9460 10018 9612 9621 9529 9516 10380 8536 9229 9607 9202 9621 8006 9254 8833 9961 9257 8283 9509 9124 0 0 0 0 0 0 0 0 0 0 0 0 0 0 0 0 0 0 0 0 0 0 0 0 0 0 0 0 0 0 0 0 0 0 0 0 0 0 
8988 10172 9148 8767 9539 9618 8925 9173 8642 8525 9426 9118 9683 9825 9255 8944 10300 8647 8393 9249 9852 9860 8609 7882 9812 8886 9118 9521 9055 8735 9965 9283 9566 9723 9740 9725 9382 9392 9568 9910 9226 9706 9127 9219 9241 10019 8899 9562 9863 8700 7964 9024 9481 9736 10105 8537 8692 8745 8756 9311 8580 9490 9155 10204 8726 9033 8556 10150 9332 9214 8347 10576 8235 10281 9871 10171 10260 10010 9911 9534 10265 9618 9137 8727 9403 10313 9727 9315 8926 9723 7762 10043 9519 9539 11021 9670 9285 9314 10251 8969 9177 9910 10152 9625 8179 9119 8967 10378 9828 9290 9658 9635 0 0 0 0 0 0 0 0 0 0 0 0 0 0 0 0 0 0 0 0 0 0 0 0 0 0 0 0 0 0 0 0 0 0 0 0 0 0 
9152 9139 8067 8896 8890 8990 8416 8827 8249 7752 8461 8590 9616 8725 9072 8451 10469 8768 7626 8836 9120 9429 8150 8378 9092 8098 8660 8467 8425 8169 9418 8415 8608 8563 9247 8990 8436 8779 8195 8551 8993 9166 7769 8024 8088 9712 8998 9046 9263 8054 8020 8381 9083 9196 10387 8274 8395 8414 8109 8560 8151 8666 9191 8025 8030 8215 8431 9154 9078 8593 8046 9344 8530 9010 9470 9006 9167 8814 9825 8198 9102 8992 7725 8324 9085 9370 8473 8247 8019 9120 7192 9204 8607 8868 8726 8669 8808 8835 9939 8258 8495 9455 9829 9504 7523 8518 8187 9424 8751 8399 9062 8793 0 0 0 0 0 0 0 0 0 0 0 0 0 0 0 0 0 0 0 0 0 0 0 0 0 0 0 0 0 0 0 0 0 0 0 0 0 0 
8956 9607 8198 8720 8792 9221 8834 8906 7630 7603 8636 8854 9317 9649 9173 8570 10231 7041 8718 8514 8682 8666 8132 7569 9011 8577 8276 9058 9070 7524 9461 9441 8737 9681 8784 9344 8859 8552 9116 9394 7989 9444 8570 8544 8473 9330 9512 9261 9044 8588 7627 8877 9260 9114 9821 7684 8907 8961 8775 8981 8564 9076 9120 9284 8259 8646 8318 9596 9234 8489 8075 9946 8009 10076 9018 9517 9397 9678 9220 9141 9438 9025 8759 7680 9096 9948 8530 8752 8269 8835 7653 9168 8759 9495 9820 9131 9377 8756 9616 8763 8672 9466 9293 9581 7579 8832 8391 9862 8902 7999 9288 9566 0 0 0 0 0 0 0 0 0 0 0 0 0 0 0 0 0 0 0 0 0 0 0 0 0 0 0 0 0 0 0 0 0 0 0 0 0 0 
9605 9894 8955 10046 10132 10155 10021 9937 8421 8982 9906 9816 9943 9749 9681 9235 11130 8962 8302 9980 9933 10023 8542 8360 10335 9074 8968 8971 10133 8871 9735 9721 9266 9784 9972 9920 9697 9353 10349 9667 9393 9979 9275 8939 9937 10384 9581 10294 9573 8691 9018 9560 9847 10600 10818 8490 9489 9401 9738 9219 8897 9977 9530 9956 8683 9308 9499 10775 10181 8873 9051 10934 8576 9889 10547 9849 10629 10296 10592 9672 11083 10459 8889 9193 9662 10381 8886 9571 8967 10174 8311 10021 9537 9604 10171 10011 11085 9793 10730 9262 9514 10197 10153 10366 8764 9789 9408 10561 9698 9248 10157 10050 0 0 0 0 0 0 0 0 0 0 0 0 0 0 0 0 0 0 0 0 0 0 0 0 0 0 0 0 0 0 0 0 0 0 0 0 0 0 
8885 9514 8874 8714 9538 9110 9293 8665 8282 7452 9239 8554 9398 9832 9339 8840 10932 8620 8186 9727 9304 9069 8648 8607 9481 8406 9638 9675 8927 8788 9379 8575 9317 9555 9624 9491 9108 9240 8747 9266 8640 9619 8773 9160 8298 9894 9452 9739 9682 8979 7957 9064 10038 9240 10853 8492 8795 8284 8613 9432 8944 8776 8933 9524 8420 9249 8546 10085 9232 9584 8705 10599 9339 9932 9506 9642 10295 9293 9411 9227 10142 9621 8831 8006 9070 9873 9490 9274 8466 9060 7601 9896 8831 10153 9162 9402 9137 9535 10109 8774 8812 9170 9869 10286 7959 8663 8867 10661 9866 8567 9859 9408 0 0 0 0 0 0 0 0 0 0 0 0 0 0 0 0 0 0 0 0 0 0 0 0 0 0 0 0 0 0 0 0 0 0 0 0 0 0 
9186 10368 9354 8848 9381 9590 9740 8920 8687 8511 8906 9218 9863 9994 9679 8489 10982 8846 9018 8880 9825 9353 9030 9029 9307 9156 8749 9003 8805 8495 9184 9305 8993 8925 9353 9363 8966 8977 9440 9063 8516 9467 8839 9117 8921 9728 9340 9831 9736 8486 8583 9243 9255 9107 10880 8407 8498 9133 8652 8762 8275 9317 9307 9272 8368 9066 9016 10452 9290 8880 8898 10151 8284 10042 9482 10148 10711 9668 9810 9397 10087 9340 8824 9187 9783 10238 9178 9526 8793 9323 7772 9483 8375 9629 9995 9725 9039 9252 10621 8615 9059 9255 10749 9740 8675 9381 9023 10271 9968 8777 9806 9996 0 0 0 0 0 0 0 0 0 0 0 0 0 0 0 0 0 0 0 0 0 0 0 0 0 0 0 0 0 0 0 0 0 0 0 0 0 0 
8393 9495 7789 9177 8845 9110 8795 8241 7798 7190 8101 8418 8946 9304 8672 8295 9623 7631 7673 8682 8512 8733 7788 7933 8860 8080 8168 8362 8006 8156 8992 8106 7997 8787 8760 8776 8797 9042 8116 8711 7778 8725 7863 8536 7330 9023 8581 8758 9231 7784 6990 9146 9157 8985 10021 7707 8529 8769 7972 8452 7814 8743 9368 8637 7994 8536 8191 9156 9083 8193 8214 9309 7648 9423 8667 9363 9399 8169 9399 8478 8676 8192 7838 7961 8576 9179 8604 8858 8232 8307 7169 8554 8280 9276 9041 8815 8496 8701 9130 8021 8685 9365 9261 9021 7985 8364 8648 9080 8588 8296 8677 8077 0 0 0 0 0 0 0 0 0 0 0 0 0 0 0 0 0 0 0 0 0 0 0 0 0 0 0 0 0 0 0 0 0 0 0 0 0 0 
7898 7400 7039 8116 7958 7299 7317 7353 7007 6406 7239 7599 8353 7307 8409 7576 8943 6726 6342 7301 7238 8340 6412 6298 7727 6714 7118 6994 7191 7170 7083 7230 7486 7323 7822 7624 7030 7348 7680 7612 6917 7103 6956 6642 7468 7932 7439 7802 8540 6894 7014 7584 7831 7483 8517 6937 7703 7265 7155 6514 6554 6990 7995 7203 7275 6842 7880 7991 8089 7264 6971 8318 6968 7671 8030 7636 7771 7690 8278 7394 8053 7147 7126 6940 7837 7637 7388 7458 6989 7860 6740 7564 7961 7989 7664 7763 7872 7858 8047 7169 6835 8162 7748 8088 6644 7075 7849 8120 7479 6575 8042 7114 0 0 0 0 0 0 0 0 0 0 0 0 0 0 0 0 0 0 0 0 0 0 0 0 0 0 0 0 0 0 0 0 0 0 0 0 0 0 
9071 9851 8781 8648 9374 9113 8369 8954 7795 7908 9097 8392 8716 10151 9314 8540 9773 7572 8083 9246 9198 8990 7517 8088 8935 8908 8346 8868 9019 8330 8237 8790 9195 9707 9248 8449 8650 7687 9602 8965 8206 9125 8041 7671 8329 9562 8618 9232 9334 7905 7729 8706 10200 9645 10246 8092 8966 8873 8792 8518 8733 8784 8953 8869 8818 8202 8771 10043 9585 8361 8384 9887 8970 9455 9383 9029 9491 9184 9249 9304 9308 9284 8862 8081 9238 9426 8183 8392 8656 8708 6870 9612 8922 9811 9350 9062 8866 9424 9342 8972 8489 9322 9319 10223 8111 9249 9167 9855 9867 7985 8881 10122 0 0 0 0 0 0 0 0 0 0 0 0 0 0 0 0 0 0 0 0 0 0 0 0 0 0 0 0 0 0 0 0 0 0 0 0 0 0 
7561 8485 7998 7750 8589 7735 7397 7922 7994 7602 8119 7916 7389 8701 7912 8022 8662 6952 7304 8454 7915 8261 7631 6937 8263 7604 7346 7592 7746 7406 8360 7943 7710 8106 8588 8145 8088 7760 8430 8684 7828 8175 7719 7288 8223 8867 8212 8275 7959 7133 7846 8155 8128 8464 8951 7621 7730 7932 7858 7644 7569 8210 8199 8373 7670 7512 7790 8860 7927 8142 7515 8575 8395 8467 8359 8002 8413 8196 8112 8320 7968 7966 7220 7265 8008 8212 6825 8121 7651 7944 6364 8258 8964 8171 8855 8307 8142 7803 8801 7774 7400 7747 8680 8821 6931 8046 8142 8880 7981 6500 8439 8689 0 0 0 0 0 0 0 0 0 0 0 0 0 0 0 0 0 0 0 0 0 0 0 0 0 0 0 0 0 0 0 0 0 0 0 0 0 0 
10822 10090 9675 9966 10416 10155 10460 9635 9111 9265 10439 9876 10083 11019 10187 10010 11973 8759 8487 10275 10071 9983 10211 9017 10192 9784 9851 10292 9452 10216 10477 9588 10221 10456 10903 10406 9837 9662 10067 10477 10071 10604 9801 9305 9845 11160 10150 10945 10892 8825 8440 9801 10514 10696 11824 9341 10226 10277 10100 9525 9587 10085 10556 10045 9617 9587 10433 10853 9696 9762 9609 11334 10055 10922 11239 10092 10647 10561 10477 9961 11382 10538 9524 9732 10059 10620 10244 9813 9631 10323 8848 10857 10355 11175 11839 10900 9933 9598 11133 9713 9689 9851 10859 10914 9135 9500 10013 11375 10469 9312 10319 10521 0 0 0 0 0 0 0 0 0 0 0 0 0 0 0 0 0 0 0 0 0 0 0 0 0 0 0 0 0 0 0 0 0 0 0 0 0 0 
8722 9396 8654 8252 9090 8995 9231 8732 8032 7496 8492 8369 8958 8887 8715 8392 9915 7618 7508 8464 8887 8921 7894 7862 8704 7974 8204 8128 8248 8106 8384 8666 8249 8986 8729 9172 8622 8484 8547 8154 8739 8962 8124 7735 8177 9830 8526 9229 8820 7864 7274 7955 8718 8558 9126 7857 8049 7796 7918 8376 7248 8676 8914 8583 7611 7718 8674 9002 8676 8435 8359 9557 7813 9383 8968 9133 9479 8613 8604 7988 9388 8779 8232 8303 8979 9801 8698 8622 7662 8632 7328 8864 8722 8546 9351 9067 8744 7734 9251 8700 8117 9335 9188 9216 7829 8512 7858 9672 9205 8069 8606 8859 0 0 0 0 0 0 0 0 0 0 0 0 0 0 0 0 0 0 0 0 0 0 0 0 0 0 0 0 0 0 0 0 0 0 0 0 0 0 
9515 9755 9397 9141 9597 9980 9866 9673 8421 8079 9896 9575 9830 9800 9552 9185 10347 8665 8315 10102 9887 10263 8526 8586 10601 8657 8857 8980 9582 8588 9279 8841 9491 9484 9906 9785 9733 9147 9884 9482 9291 9296 8703 9153 8718 10613 9562 9795 9432 8510 8659 9327 9775 9963 10310 8339 8703 9142 9328 8619 8873 9907 9559 9465 9152 8755 8700 9972 8874 9315 9424 10898 8063 10301 9465 10755 10559 9868 10062 10056 10182 8506 9602 8389 10164 10317 9487 9936 9224 9527 7802 10271 8894 10069 10492 9346 9654 9914 10375 9560 9061 10270 10566 10172 8372 9116 9572 10737 10348 8843 8642 9923 0 0 0 0 0 0 0 0 0 0 0 0 0 0 0 0 0 0 0 0 0 0 0 0 0 0 0 0 0 0 0 0 0 0 0 0 0 0 
11001 10334 9470 10362 10435 10522 10550 10018 9000 8237 9750 9546 10670 10515 10443 9677 11737 8626 8767 10625 10532 10162 9254 8674 10824 9391 9875 9392 10380 9740 9699 10010 10053 10041 10295 10167 9625 9594 10551 10267 9241 10339 9899 9913 9307 11290 10511 10448 10899 9060 8978 9292 10234 10800 11376 9145 10610 10017 9910 9798 9020 9492 10184 10036 9234 9348 10288 10460 10339 10352 9327 11243 8913 10727 11037 9939 10673 9906 10783 9546 10967 10179 9444 9348 10299 10800 10345 9773 9495 10507 8525 10521 9475 10292 11047 10560 10797 10400 11259 9849 10065 9850 10391 10951 9281 9905 9600 11125 10106 9643 10310 10475 0 0 0 0 0 0 0 0 0 0 0 0 0 0 0 0 0 0 0 0 0 0 0 0 0 0 0 0 0 0 0 0 0 0 0 0 0 0 
9233 9339 8724 9565 9701 10163 9896 10093 8750 8342 9255 9728 10170 9360 9658 9731 11032 8054 8988 9806 8974 9958 8052 8161 10177 8473 8946 8989 9504 8901 9926 9253 9409 9757 9275 9974 9257 10134 9165 9337 9145 9769 8959 9015 8793 10284 10183 9605 9251 9070 8461 9914 10055 9697 10936 8270 9427 9634 8905 8992 8778 9399 9543 9498 9378 8546 9306 9706 9919 8907 8974 10791 8354 10171 9830 10214 10514 9888 10621 9616 10245 9275 9375 8735 9232 9756 9124 9284 8284 9871 7962 9298 9197 9799 9894 10076 9808 9959 10258 9042 9161 10441 10177 10042 8205 9126 9614 10527 9166 8822 9300 9674 0 0 0 0 0 0 0 0 0 0 0 0 0 0 0 0 0 0 0 0 0 0 0 0 0 0 0 0 0 0 0 0 0 0 0 0 0 0 
9233 8896 8670 8475 9329 9105 9189 8978 8211 7599 8402 7957 9099 9483 9118 8557 10528 7463 8012 8828 8681 8716 8656 8074 9476 9079 8805 8774 9151 8284 8842 8479 8936 9229 9336 8817 8701 8428 8734 9308 8444 9289 8933 8779 8711 10254 9662 9219 9484 7563 7914 8736 9093 9388 10259 7926 8543 8391 9034 8935 8274 8529 9282 9482 8519 8645 8647 9750 8613 8952 8774 10390 8607 9268 9442 8944 9779 8359 8534 8490 9771 9164 8736 8757 8855 8932 8986 8907 8138 8652 7574 9499 8491 8849 9753 9082 9035 8827 9578 8494 8627 8775 9012 9506 7104 8747 8554 10352 9373 8648 9590 9489 0 0 0 0 0 0 0 0 0 0 0 0 0 0 0 0 0 0 0 0 0 0 0 0 0 0 0 0 0 0 0 0 0 0 0 0 0 0 
9446 9578 8833 9105 9165 9245 8936 9042 8588 8463 8519 8872 10499 9372 9278 9542 10725 8909 8411 9454 9248 9523 9408 8299 9048 8778 8843 8708 8456 8436 8799 9355 8389 9086 8807 10208 9044 9484 9105 8995 8745 9377 9317 9234 8853 9456 9409 9561 9760 8791 8722 9098 9346 9384 10497 8342 8844 8946 8747 9341 8251 9711 9549 9446 8725 8980 9260 9866 9460 9117 8472 10235 8298 10014 9817 9719 9835 9996 9363 8553 9602 9389 8533 8655 9463 10051 8960 8815 8818 9614 7581 9616 9233 9403 9899 9598 9332 8843 10193 8746 8719 9461 9670 9550 8348 8878 9152 10240 9351 8754 9412 9352 0 0 0 0 0 0 0 0 0 0 0 0 0 0 0 0 0 0 0 0 0 0 0 0 0 0 0 0 0 0 0 0 0 0 0 0 0 0 
9079 9124 8515 8319 9765 8885 9790 8892 7858 8052 9133 9495 9303 8876 8957 8688 9962 7274 7320 9019 9380 9061 7883 7642 9585 7895 9288 8436 9521 7681 9175 8848 8380 8594 9332 9090 8489 8443 8422 8752 8469 8600 8187 8327 8418 9417 8904 8361 9459 7892 8510 8699 8956 9668 9560 8190 8849 8254 8530 8158 8440 8915 8603 8601 8066 8548 8270 9171 8991 9091 8348 10292 8618 8752 8665 8699 9655 8630 9880 8850 9904 8857 8260 8193 9183 9098 7924 8943 8588 8506 6913 9474 8770 8983 9019 8582 9673 8044 9749 7952 8555 8889 9303 9256 7431 8812 8667 9644 8509 8556 8925 9469 0 0 0 0 0 0 0 0 0 0 0 0 0 0 0 0 0 0 0 0 0 0 0 0 0 0 0 0 0 0 0 0 0 0 0 0 0 0 
9485 9989 9203 9184 8881 9747 8769 8839 8038 7590 8948 8634 9110 8917 8677 8695 10000 7514 8457 9281 9264 9404 8223 8457 9396 8298 8485 8366 8620 8271 8977 9261 8535 9067 9038 9348 9055 8606 9750 8532 8467 8715 8526 8104 8449 9732 9786 9431 9077 8258 8342 8908 9635 9622 9868 8174 8293 8706 9447 8485 7941 9024 9247 8731 9059 8543 8549 9879 8936 7847 8748 9892 8457 9331 9160 9454 9695 9226 8954 9648 9023 8746 8087 8227 8912 9673 8285 9047 8245 8960 7721 9803 8673 9509 9328 9137 8779 9702 9785 8845 8626 9888 9292 10170 7671 8963 7993 9756 8992 8187 8790 9237 0 0 0 0 0 0 0 0 0 0 0 0 0 0 0 0 0 0 0 0 0 0 0 0 0 0 0 0 0 0 0 0 0 0 0 0 0 0 
9048 9181 8032 8645 8292 8673 9246 9082 7644 7167 8227 8421 8917 8846 9053 8664 10224 8085 7937 8985 9066 8832 7769 7533 8850 8172 8510 8413 8445 7685 8483 7839 8656 8759 8981 8679 8343 8686 9176 9481 8614 9201 8337 8143 8049 9585 9468 9716 9625 8111 7564 8892 9040 9075 10550 8660 8340 8828 8399 8607 8233 8857 8250 8640 8370 8188 9323 9050 8644 7897 7877 9846 7833 9436 9177 8581 9307 8885 9755 8778 9955 8821 8157 8690 9001 9266 8655 8466 8156 9035 7468 8735 8789 8672 9056 9372 9204 9096 9361 8472 8566 9266 8857 9425 8039 9358 8792 9558 8966 8268 9539 8813 0 0 0 0 0 0 0 0 0 0 0 0 0 0 0 0 0 0 0 0 0 0 0 0 0 0 0 0 0 0 0 0 0 0 0 0 0 0 
10263 10836 9933 9732 9925 10036 9778 9971 9015 8455 10007 9907 10054 10472 9908 9803 11461 9148 8987 9830 10168 10478 8761 8879 10369 9753 9683 9406 9523 9376 9994 10078 10052 9827 10617 10745 9225 9542 10399 10655 9419 10037 9401 8670 9426 11391 10610 10464 10489 8380 9316 9700 10584 10417 11566 9639 9425 10516 9733 9778 9573 10209 10046 10370 9637 9802 9655 11187 9754 9935 8828 11769 9425 10480 10737 10446 10876 10498 10550 10576 11097 9839 9238 9458 9934 9974 9851 9447 9019 9900 8288 10352 10396 9987 10812 10464 9812 10496 11133 10017 9441 10156 10225 10768 8776 9196 9994 11246 10751 9426 10789 9752 0 0 0 0 0 0 0 0 0 0 0 0 0 0 0 0 0 0 0 0 0 0 0 0 0 0 0 0 0 0 0 0 0 0 0 0 0 0 
9364 9017 8205 9391 8326 9005 8478 8614 7653 6802 8775 8567 8582 8551 8794 8671 9783 7672 6842 8681 8662 8896 7410 7722 9230 8069 8349 7910 8851 8283 8722 8482 8506 9150 8877 8705 8488 8681 8529 9245 8110 8252 8430 7922 8311 9664 8818 9153 8900 7086 7829 8239 9026 8974 9783 8318 8571 8127 8297 7877 8055 8247 8727 8118 8514 8180 8150 9073 8387 8367 8271 9450 7968 8844 8948 8775 8692 8743 9105 8281 9009 8050 8178 7641 8481 9030 8580 8278 7689 8548 6919 9191 8228 8918 9205 8541 8630 8923 9602 8331 8639 8985 8872 9695 7424 7864 8015 10076 9086 8244 9032 8386 0 0 0 0 0 0 0 0 0 0 0 0 0 0 0 0 0 0 0 0 0 0 0 0 0 0 0 0 0 0 0 0 0 0 0 0 0 0 
9539 9578 9082 9190 9818 9528 10155 9761 8794 8838 9594 9353 9755 10014 9636 9292 11292 8054 8368 9427 9561 9205 9184 8135 10054 9627 8470 9528 10341 9054 9238 8490 9318 9829 10392 9256 9439 8877 9322 9769 8757 9665 8983 9114 9617 10300 9322 9768 9808 8643 8708 9665 9982 9875 11066 9007 9427 9528 9229 9367 8967 9403 9800 9488 8975 9234 9099 10284 9443 9794 9485 11232 8939 9714 10576 9883 10537 10101 10266 9408 10532 10162 8998 9061 9800 9938 8388 9007 9035 9625 8320 10579 9660 9822 9939 9466 9901 8608 10736 9175 9187 9848 9853 9735 8733 10099 9322 10527 9444 8513 9413 10495 0 0 0 0 0 0 0 0 0 0 0 0 0 0 0 0 0 0 0 0 0 0 0 0 0 0 0 0 0 0 0 0 0 0 0 0 0 0 
8467 8962 8446 9374 8527 9140 8355 8529 7849 7950 8346 7883 9183 9037 8647 8853 9950 8462 8118 8453 8871 8650 8393 7849 8436 8275 8223 8494 8538 8174 9311 9082 9104 9096 8960 9241 8354 8694 9057 9213 8219 9052 7773 8108 8767 8910 9260 9205 8392 8420 8092 8030 9068 9271 10337 8246 7849 8853 8684 8597 7513 9261 9276 9288 8383 8912 8362 9377 8898 8244 7443 10352 8011 8993 9031 9162 9215 9471 9608 9041 9322 9066 8517 8238 8416 8947 8172 8893 7918 9300 7250 9195 8969 9557 9553 8785 9122 8603 9284 8453 8626 9209 8734 9288 7468 8499 9047 9467 9202 8861 9291 8891 0 0 0 0 0 0 0 0 0 0 0 0 0 0 0 0 0 0 0 0 0 0 0 0 0 0 0 0 0 0 0 0 0 0 0 0 0 0 
8406 9535 8126 8924 9438 8798 8554 8036 7446 8177 9101 8492 8139 9749 8692 8133 9469 7264 7509 8255 8488 8624 7512 7928 8593 7782 8283 8248 8151 7462 9581 8418 9185 9329 8898 8912 8119 8523 8029 9114 8401 9032 8451 7833 8948 9102 8079 9021 8931 7181 7968 9058 8675 9489 9827 7990 7964 8164 8374 8270 7862 8699 9058 8978 8024 8426 8178 9093 8629 8374 8612 9472 8031 8960 8555 9425 9102 8706 9574 8990 9066 8993 8575 7526 8123 9257 8329 8843 7908 8762 6995 8623 9036 9285 9645 9006 9127 7824 9068 8651 8526 8647 9581 9185 7721 8255 8489 9637 9145 8389 8425 8735 0 0 0 0 0 0 0 0 0 0 0 0 0 0 0 0 0 0 0 0 0 0 0 0 0 0 0 0 0 0 0 0 0 0 0 0 0 0 
9454 9050 9137 9271 8681 8632 8100 8151 8050 7593 8928 8223 8968 9016 8693 8298 9417 7109 7849 8947 9003 9190 7801 8167 9188 8072 8736 8232 8522 8018 8582 8022 9065 8406 8932 8794 8935 8591 8959 8794 8110 8327 8555 8476 7799 9668 9200 9129 8673 8093 8122 8551 9162 9022 9770 7620 8208 7987 8893 8602 7388 8492 8847 8804 8220 8410 8489 9170 8605 8427 8644 9769 8030 9506 8772 9034 9296 8780 9263 8259 8742 8488 8328 7896 8286 9270 8726 9726 8572 8905 7632 9166 8614 9015 9515 8616 8286 8841 9752 8653 8195 9473 8974 10035 7946 8305 8510 9547 8985 8569 8649 9152 0 0 0 0 0 0 0 0 0 0 0 0 0 0 0 0 0 0 0 0 0 0 0 0 0 0 0 0 0 0 0 0 0 0 0 0 0 0 
9067 9938 9344 8842 9448 8916 9087 8833 7954 7560 9366 8892 9887 8891 9228 8433 10579 7869 7777 8719 8594 9283 8240 7973 9231 9002 8682 8721 8737 8299 8348 9252 8513 8832 9258 9423 8187 9083 9208 8973 8651 8700 9179 8385 8836 9888 9876 9120 9740 7688 8000 8883 9048 9536 10292 8271 8586 8964 8403 8559 8095 9221 9683 9537 8740 8544 9286 9926 8489 8055 8570 10067 7728 9414 9011 9319 9987 8645 9235 9355 10220 8595 8062 8615 9278 8789 8795 9500 8824 9177 7965 9027 8514 8439 9101 9901 9541 9354 9629 8479 8552 9358 9536 9437 7674 8749 8533 9459 9481 9024 9312 8752 0 0 0 0 0 0 0 0 0 0 0 0 0 0 0 0 0 0 0 0 0 0 0 0 0 0 0 0 0 0 0 0 0 0 0 0 0 0 
9701 9416 9103 9703 9141 9531 9063 9058 8448 8122 9167 9005 9363 10075 9592 8185 10511 8389 8393 9094 9380 8688 8327 8050 9390 8816 8460 8654 9452 8356 9150 8446 9525 9408 9945 9003 9254 8912 9427 9283 8268 9584 9081 8852 8545 10189 9143 10012 9510 7340 8451 8991 9372 9658 11201 8540 8962 9424 8842 8875 8671 8962 9886 9079 8041 9418 9466 10287 8955 9169 8752 10021 8231 9761 9652 9893 9819 9645 9762 9303 9324 9171 8442 8458 9459 9376 8958 9361 8778 9813 7496 9041 8364 9208 9881 9769 9703 9685 10089 8713 9436 9081 9690 9372 8737 9118 8890 9929 9305 9171 9427 9527 0 0 0 0 0 0 0 0 0 0 0 0 0 0 0 0 0 0 0 0 0 0 0 0 0 0 0 0 0 0 0 0 0 0 0 0 0 0 
9251 9706 9204 9462 9693 9119 9465 8867 7912 7829 8918 8903 9199 9541 9292 8461 10543 7955 7859 9203 8924 9502 8208 8267 9065 8384 8654 8679 9358 8162 9204 9121 8688 9107 9788 8608 9293 8208 9279 9380 8873 8901 8340 8522 8651 10000 8390 9814 9244 8050 7522 8682 9323 9006 10302 7582 8965 8506 8449 8862 7817 8968 9482 8891 8153 8434 9420 9882 9489 8537 8124 9647 8382 9762 9301 9377 9428 8954 9627 8752 9638 9503 8475 8339 9295 9276 9118 8937 8682 9061 7721 9343 8327 9654 9758 9453 8949 9546 9886 8516 8743 9501 9726 9713 8150 8831 9115 10150 9527 8216 9280 9705 0 0 0 0 0 0 0 0 0 0 0 0 0 0 0 0 0 0 0 0 0 0 0 0 0 0 0 0 0 0 0 0 0 0 0 0 0 0 
9277 9977 9226 8808 9514 9370 9913 9730 8956 9148 9019 9368 9876 9798 9626 9446 11008 8788 8545 9972 9269 10220 9093 8394 9228 8956 9382 9288 8779 9135 9880 8982 9167 9665 9288 9947 9368 9464 10082 9578 9261 9729 9180 8852 8928 10580 9941 9837 9727 9081 8419 9697 10093 9208 11228 8702 8950 9296 8752 9212 8644 9605 8853 9706 9404 9539 9286 10385 9958 10510 8656 10901 9052 10528 10111 9602 10993 10226 10217 9558 10265 10057 9539 9387 9925 9948 9289 9004 9091 9740 7816 10266 9783 10063 10540 9361 9375 8866 10990 9585 8819 9757 10646 9817 8612 10234 9476 10456 9616 8905 9682 10645 0 0 0 0 0 0 0 0 0 0 0 0 0 0 0 0 0 0 0 0 0 0 0 0 0 0 0 0 0 0 0 0 0 0 0 0 0 0 
9120 9547 8868 9014 8696 9292 8955 9036 8057 8101 8993 8233 9576 8819 9207 8511 10244 8334 8238 8954 9494 9746 8036 7991 9835 8592 8225 8344 9079 8618 9073 8899 9323 8700 9482 8608 8818 8155 9546 8976 8708 8883 8456 7915 8936 9774 9033 9595 9450 8180 8760 8580 9152 9306 10122 8430 7961 8946 8635 8526 8286 8997 9839 9469 8519 8910 9206 10414 8807 8591 8447 10852 8576 9738 9403 9276 9862 9306 9341 9076 9717 9025 8264 8348 8891 9771 8149 9116 8221 8782 7549 9266 9219 8481 9217 9073 9093 8910 10300 8548 8120 9387 9920 9627 8068 9291 8918 9717 9228 8624 9464 9365 0 0 0 0 0 0 0 0 0 0 0 0 0 0 0 0 0 0 0 0 0 0 0 0 0 0 0 0 0 0 0 0 0 0 0 0 0 0 
9316 9504 8890 9476 9323 9064 8928 9266 8582 7791 9278 9161 9290 9554 9119 8902 10246 8163 8571 9370 8968 8732 8924 8649 9219 8651 8846 8841 9575 8512 9317 8697 8264 9106 9213 9642 8834 8887 8999 9141 8487 8849 8298 8783 8469 9365 8849 9637 9341 8716 8471 8458 9373 9298 9836 8451 9136 8027 8450 8811 7868 9096 9205 8568 8066 8156 8920 9100 8827 8778 8339 9591 8693 9286 9610 9642 9569 8836 9687 8520 9397 8806 7905 8187 9162 9636 8982 9720 8585 9006 7650 9577 9040 9715 9060 9168 9012 8804 10055 8612 8944 9649 9152 9889 7565 8654 9010 9752 9511 8101 9810 9249 0 0 0 0 0 0 0 0 0 0 0 0 0 0 0 0 0 0 0 0 0 0 0 0 0 0 0 0 0 0 0 0 0 0 0 0 0 0 
